metadata.year,metadata.diseaseName,metadata.round,metadata.program,state.name,state.ID,prevac.sample,prevac.positive.O.pct,prevac.positive.A.pct,prevac.positive.asia1.pct,postvac.positive.asia1.pct,postvac.sample,postvac.positive.O.pct,postvac.positive.A.pct
2011,FOOT AND MOUTH DISEASE,12.0,FMDCP,Maharashtra,state_27,5988.0,28.2,15.7,6.4,38.4,6018.0,72.9,51.2
2011,FOOT AND MOUTH DISEASE,8.0,FMDCP,Delhi,ut_7,100.0,92.0,66.0,83.0,98.0,100.0,100.0,86.0
2011,FOOT AND MOUTH DISEASE,7.0,FMDCP,Delhi,ut_7,50.0,78.0,66.0,50.0,82.0,50.0,88.0,86.0
2011,FOOT AND MOUTH DISEASE,1.0,FMDCP,Karnataka,state_29,4587.0,40.0,15.0,9.0,24.5,4266.0,56.0,40.0
2011,FOOT AND MOUTH DISEASE,12.0,FMDCP,Andhrapradesh-Telangana,,3600.0,29.0,18.0,13.1,47.5,3600.0,66.5,56.4
2011,FOOT AND MOUTH DISEASE,2.0,FMDCP,Haryana,state_6,2586.0,41.8,38.1,28.1,60.2,2594.0,73.5,73.4
2011,FOOT AND MOUTH DISEASE,1.0,FMDCP,Haryana,state_6,2587.0,42.7,32.4,29.7,61.6,2573.0,76.9,69.8
2011,FOOT AND MOUTH DISEASE,9.0,FMDCP,Tamil Nadu,state_33,5440.0,34.2,24.8,20.5,40.6,5440.0,62.8,47.1
2011,FOOT AND MOUTH DISEASE,13.0,FMDCP,Gujarat,state_24,2007.0,29.4,20.3,33.4,49.8,2029.0,49.7,38.6
2012,FOOT AND MOUTH DISEASE,11.0,FMDCP,Punjab,state_3,1800.0,44.3,39.1,34.2,48.6,1800.0,54.3,45.8
2012,FOOT AND MOUTH DISEASE,12.0,FMDCP,Kerala,state_32,676.0,12.4,15.5,9.6,34.0,180.0,36.1,36.1
2012,FOOT AND MOUTH DISEASE,12.0,FMDCP,Punjab,state_3,1800.0,55.6,50.1,50.2,NT,1782.0,61.5,54.8
2012,FOOT AND MOUTH DISEASE,2.0,FMDCP,Karnataka,state_29,5401.0,50.0,27.0,39.0,51.0,4632.0,67.0,47.0
2012,FOOT AND MOUTH DISEASE,3.0,FMDCP,Karnataka,state_29,3864.0,54.8,29.2,61.5,70.2,3075.0,60.3,41.8
2012,FOOT AND MOUTH DISEASE,15.0,FMDCP,Uttar Pradesh,state_9,3870.0,42.4,33.9,38.9,66.2,3968.0,57.0,56.9
2012,FOOT AND MOUTH DISEASE,13.0,FMDCP,Kerala,state_32,1631.0,12.2,10.9,8.3,25.5,1474.0,35.6,32.8
2012,FOOT AND MOUTH DISEASE,1.0,FMDCP,Goa,state_30,391.0,12.0,2.0,2.8,24.1,381.0,86.8,24.1
2012,FOOT AND MOUTH DISEASE,10.0,FMDCP,Tamil Nadu,state_33,5040.0,27.4,13.6,4.9,18.7,5240.0,66.9,46.4
2012,FOOT AND MOUTH DISEASE,14.0,FMDCP,Gujarat,state_24,3974.0,44.0,34.1,35.1,48.8,4290.0,59.3,51.8
2012,FOOT AND MOUTH DISEASE,11.0,FMDCP,Tamil Nadu,state_33,4600.0,17.2,8.6,22.4,73.1,4600.0,60.6,39.2
2012,FOOT AND MOUTH DISEASE,13.0,FMDCP,Andhrapradesh-Telangana,,3480.0,41.2,29.5,17.1,43.1,3480.0,68.4,59.0
2012,FOOT AND MOUTH DISEASE,4.0,FMDCP,Haryana,state_6,2565.0,40.1,34.8,32.7,66.0,2575.0,79.5,70.3
2012,FOOT AND MOUTH DISEASE,1.0,FMDCP,Puducherry,ut_34,30.0,44.4,25.0,13.9,30.6,55.0,66.7,55.6
2012,FOOT AND MOUTH DISEASE,14.0,FMDCP,Uttar Pradesh,state_9,4041.0,61.2,62.0,62.0,29.0,3800.0,66.4,56.3
2012,FOOT AND MOUTH DISEASE,14.0,FMDCP,Maharashtra,state_27,4721.0,20.0,30.6,31.6,65.6,4723.0,56.6,62.1
2012,FOOT AND MOUTH DISEASE,13.0,FMDCP,Maharashtra,state_27,7208.0,25.7,5.8,6.8,31.0,7341.0,66.6,34.5
2012,FOOT AND MOUTH DISEASE,9.0,FMDCP,Delhi,ut_7,100.0,57.0,65.0,33.0,,,,
2012,FOOT AND MOUTH DISEASE,11.0,FMDCP,Delhi,ut_7,200.0,86.0,50.0,45.5,,,,
2012,FOOT AND MOUTH DISEASE,12.0,FMDCP,Andaman And Nicobar Islands,ut_35,180.0,20.0,10.5,6.11,16.67,180.0,27.22,22.22
2012,FOOT AND MOUTH DISEASE,1.0,FMDCP,Lakshadweep,ut_31,107.0,42.1,15.0,32.7,46.7,107.0,74.8,58.9
2012,FOOT AND MOUTH DISEASE,2.0,FMDCP,Goa,state_30,383.0,41.5,15.4,46.0,88.0,378.0,84.0,62.0
2012,FOOT AND MOUTH DISEASE,13.0,FMDCP,Andaman And Nicobar Islands,ut_35,283.0,9.2,4.2,5.3,15.5,283.0,27.6,18.4
2012,FOOT AND MOUTH DISEASE,14.0,FMDCP,Andhrapradesh-Telangana,,3600.0,38.6,20.8,10.9,32.2,3600.0,69.3,46.1
2012,FOOT AND MOUTH DISEASE,3.0,FMDCP,Haryana,state_6,2555.0,42.5,43.3,25.3,62.1,2562.0,71.2,73.1
2012,FOOT AND MOUTH DISEASE,2.0,FMDCP,Puducherry,ut_34,38.0,42.1,26.3,,21.1,38.0,52.6,36.8
2013,FOOT AND MOUTH DISEASE,14.0,FMDCP,Andaman And Nicobar Islands,ut_35,794.0,18.1,12.6,10.0,32.7,593.0,47.0,36.1
2013,FOOT AND MOUTH DISEASE,13.0,FMDCP,Delhi,ut_7,100.0,98.0,95.0,87.0,100.0,100.0,98.0,100.0
2013,FOOT AND MOUTH DISEASE,4.0,FMDCP,Goa,state_30,379.0,45.1,58.5,57.0,85.1,376.0,77.0,86.0
2013,FOOT AND MOUTH DISEASE,15.0,FMDCP,Andhrapradesh-Telangana,,3600.0,38.0,37.7,46.2,77.4,3600.0,65.4,78.4
2013,FOOT AND MOUTH DISEASE,14.0,FMDCP,Delhi,ut_7,,,,,76.5,200.0,85.0,89.5
2013,FOOT AND MOUTH DISEASE,17.0,FMDCP,Uttar Pradesh,state_9,8840.0,30.8,49.1,63.3,,,,
2013,FOOT AND MOUTH DISEASE,15.0,FMDCP,Andaman And Nicobar Islands,ut_35,1445.0,21.3,23.0,29.9,60.7,1109.0,49.9,52.6
2013,FOOT AND MOUTH DISEASE,14.0,FMDCP,Kerala,state_32,2378.0,13.0,15.2,17.0,35.0,2109.0,25.0,30.0
2013,FOOT AND MOUTH DISEASE,15.0,FMDCP,Kerala,state_32,2043.0,20.0,24.7,45.1,70.3,1941.0,51.1,58.5
2013,FOOT AND MOUTH DISEASE,4.0,FMDCP,Karnataka,state_29,5053.0,48.3,78.7,76.0,82.2,5225.0,62.1,86.0
2013,FOOT AND MOUTH DISEASE,5.0,FMDCP,Karnataka,state_29,5916.0,33.0,52.0,64.0,81.0,5853.0,59.0,68.0
2013,FOOT AND MOUTH DISEASE,3.0,FMDCP,Puducherry,ut_34,46.0,45.7,15.2,56.5,65.2,46.0,63.0,43.5
2013,FOOT AND MOUTH DISEASE,3.0,FMDCP,Goa,state_30,384.0,47.4,64.3,54.4,86.0,368.0,82.1,86.1
2013,FOOT AND MOUTH DISEASE,16.0,FMDCP,Maharashtra,state_27,4891.0,61.9,70.9,55.2,88.1,4891.0,92.5,94.4
2013,FOOT AND MOUTH DISEASE,15.0,FMDCP,Maharashtra,state_27,5250.0,31.0,50.3,53.5,85.1,5305.0,70.6,83.5
2013,FOOT AND MOUTH DISEASE,16.0,FMDCP,Uttar Pradesh,state_9,10763.0,38.2,42.1,42.5,50.3,3648.0,37.7,43.4
2013,FOOT AND MOUTH DISEASE,13.0,FMDCP,Tamil Nadu,state_33,7199.0,56.8,61.6,62.5,90.5,6397.0,87.5,91.0
2013,FOOT AND MOUTH DISEASE,5.0,FMDCP,Haryana,state_6,2600.0,46.5,45.3,39.0,66.0,2600.0,71.8,63.0
2013,FOOT AND MOUTH DISEASE,6.0,FMDCP,Haryana,state_6,2580.0,45.4,56.4,72.3,90.7,2580.0,80.0,83.8
2013,FOOT AND MOUTH DISEASE,15.0,FMDCP,Gujarat,state_24,4700.0,56.4,47.6,47.8,58.5,4708.0,67.2,62.6
2013,FOOT AND MOUTH DISEASE,16.0,FMDCP,Andhrapradesh-Telangana,,3600.0,42.9,63.6,71.5,89.9,3600.0,68.6,87.5
2013,FOOT AND MOUTH DISEASE,13.0,FMDCP,Punjab,state_3,1436.0,65.5,62.7,63.2,81.7,1195.0,70.7,68.2
2013,FOOT AND MOUTH DISEASE,14.0,FMDCP,Punjab,state_3,2287.0,55.6,68.1,74.6,87.6,2110.0,75.5,48.8
2013,FOOT AND MOUTH DISEASE,12.0,FMDCP,Tamil Nadu,state_33,5801.0,44.3,56.8,62.8,86.7,5843.0,77.8,82.6
2013,FOOT AND MOUTH DISEASE,16.0,FMDCP,Gujarat,state_24,4600.0,54.5,62.5,69.2,81.3,4538.0,75.9,76.9
2014,FOOT AND MOUTH DISEASE,8.0,FMDCP,Haryana,state_6,2600.0,76.4,73.3,82.2,96.4,2600.0,93.3,91.2
2014,FOOT AND MOUTH DISEASE,17.0,FMDCP,Gujarat,state_24,5200.0,59.5,62.7,74.9,80.0,5200.0,74.4,76.4
2014,FOOT AND MOUTH DISEASE,18.0,FMDCP,Gujarat,state_24,3600.0,74.9,49.6,65.6,79.5,3600.0,81.6,65.8
2014,FOOT AND MOUTH DISEASE,15.0,FMDCP,Tamil Nadu,state_33,6400.0,83.3,78.4,87.1,97.5,6400.0,96.6,94.2
2014,FOOT AND MOUTH DISEASE,18.0,FMDCP,Telangana,state_36,1400.0,77.4,83.4,77.5,95.3,1400.0,94.9,94.5
2014,FOOT AND MOUTH DISEASE,17.0,FMDCP,Telangana,state_36,1400.0,64.4,58.0,62.3,79.8,1400.0,85.2,78.2
2014,FOOT AND MOUTH DISEASE,18.0,FMDCP,Maharashtra,state_27,4181.0,71.1,57.4,60.0,65.0,4181.0,93.0,89.0
2014,FOOT AND MOUTH DISEASE,6.0,FMDCP,Karnataka,state_29,5945.0,61.0,62.0,75.0,92.5,5985.0,86.0,87.0
2014,FOOT AND MOUTH DISEASE,7.0,FMDCP,Karnataka,state_29,5930.0,83.0,88.0,93.0,98.0,5930.0,97.0,94.0
2014,FOOT AND MOUTH DISEASE,6.0,FMDCP,Puducherry,ut_34,246.0,87.0,74.0,87.0,95.5,246.0,96.3,94.3
2014,FOOT AND MOUTH DISEASE,5.0,FMDCP,Goa,state_30,375.0,85.9,77.1,51.7,90.1,375.0,98.9,96.3
2014,FOOT AND MOUTH DISEASE,17.0,FMDCP,Kerala,state_32,2791.0,76.6,64.0,78.3,97.1,2678.0,81.1,92.0
2014,FOOT AND MOUTH DISEASE,16.0,FMDCP,Andaman And Nicobar Islands,ut_35,530.0,41.5,45.8,50.0,74.3,502.0,62.2,79.3
2014,FOOT AND MOUTH DISEASE,17.0,FMDCP,Andhra Pradesh,state_28,1800.0,58.5,47.2,56.8,70.5,1800.0,75.5,67.2
2014,FOOT AND MOUTH DISEASE,18.0,FMDCP,Andhra Pradesh,state_28,1800.0,68.0,45.8,66.0,82.8,1800.0,80.7,72.3
2014,FOOT AND MOUTH DISEASE,6.0,FMDCP,Goa,state_30,371.0,71.2,56.9,63.3,92.5,371.0,97.6,91.1
2014,FOOT AND MOUTH DISEASE,17.0,FMDCP,Maharashtra,state_27,5362.0,61.3,43.1,35.5,77.0,5362.0,92.5,82.8
2014,FOOT AND MOUTH DISEASE,15.0,FMDCP,Punjab,state_3,1975.0,55.1,68.8,84.1,94.0,1705.0,68.2,81.5
2014,FOOT AND MOUTH DISEASE,16.0,FMDCP,Punjab,state_3,1872.0,66.7,76.0,84.5,92.1,1990.0,71.2,80.7
2014,FOOT AND MOUTH DISEASE,16.0,FMDCP,Kerala,state_32,2789.0,53.7,51.1,61.3,88.2,2738.0,90.5,79.0
2014,FOOT AND MOUTH DISEASE,14.0,FMDCP,Tamil Nadu,state_33,6400.0,79.0,66.1,78.2,97.5,6400.0,96.6,94.2
2014,FOOT AND MOUTH DISEASE,17.0,FMDCP,Andaman And Nicobar Islands,ut_35,521.0,42.3,58.0,55.0,78.0,461.0,69.2,82.0
2014,FOOT AND MOUTH DISEASE,15.0,FMDCP,Delhi,ut_7,200.0,78.5,62.0,71.5,78.0,200.0,85.5,79.0
2014,FOOT AND MOUTH DISEASE,18.0,FMDCP,Delhi,ut_7,200.0,77.0,53.5,80.5,96.5,200.0,98.0,88.5
2014,FOOT AND MOUTH DISEASE,7.0,FMDCP,Haryana,state_6,2558.0,68.0,74.1,80.1,95.6,2597.0,88.0,83.2
2015,FOOT AND MOUTH DISEASE,18.0,FMDCP,Andaman And Nicobar Islands,ut_35,609.0,62.9,67.9,82.3,92.3,496.0,82.3,85.9
2015,FOOT AND MOUTH DISEASE,19.0,FMDCP,Maharashtra,state_27,5486.0,60.5,67.9,67.2,93.9,5486.0,89.4,93.3
2015,FOOT AND MOUTH DISEASE,19.0,FMDCP,Delhi,ut_7,200.0,68.5,70.0,81.0,91.5,200.0,92.0,92.0
2015,FOOT AND MOUTH DISEASE,19.0,FMDCP,Andaman And Nicobar Islands,ut_35,556.0,60.6,63.8,72.7,86.7,480.0,73.1,87.9
2015,FOOT AND MOUTH DISEASE,20.0,FMDCP,Telangana,state_36,1400.0,81.7,74.1,84.7,94.8,1400.0,84.7,91.5
2015,FOOT AND MOUTH DISEASE,20.0,FMDCP,Maharashtra,state_27,4903.0,46.3,28.9,38.9,60.7,4876.0,67.0,51.9
2015,FOOT AND MOUTH DISEASE,19.0,FMDCP,Telangana,state_36,1400.0,88.7,78.4,86.9,93.5,1400.0,94.7,89.2
2015,FOOT AND MOUTH DISEASE,8.0,FMDCP,Karnataka,state_29,5974.0,87.5,84.9,91.2,97.1,5994.0,95.5,96.7
2015,FOOT AND MOUTH DISEASE,20.0,FMDCP,Andhra Pradesh,state_28,2595.0,52.9,37.0,47.9,71.8,2598.0,71.9,58.8
2015,FOOT AND MOUTH DISEASE,19.0,FMDCP,Andhra Pradesh,state_28,1800.0,72.3,55.3,69.0,87.1,1800.0,86.8,82.2
2015,FOOT AND MOUTH DISEASE,9.0,FMDCP,Karnataka,state_29,5947.0,73.5,65.3,74.9,89.9,5958.0,87.8,86.0
2015,FOOT AND MOUTH DISEASE,8.0,FMDCP,Goa,state_30,383.0,64.8,44.6,47.5,71.5,383.0,75.2,61.4
2015,FOOT AND MOUTH DISEASE,7.0,FMDCP,Goa,state_30,369.0,65.3,67.8,76.4,98.6,369.0,93.0,98.1
2015,FOOT AND MOUTH DISEASE,7.0,FMDCP,Puducherry,ut_34,243.0,95.1,60.4,93.0,95.1,243.0,96.0,86.0
2015,FOOT AND MOUTH DISEASE,17.0,FMDCP,Tamil Nadu,state_33,6400.0,86.2,81.7,86.7,98.2,6400.0,97.3,95.7
2015,FOOT AND MOUTH DISEASE,10.0,FMDCP,Haryana,state_6,2000.0,67.4,67.2,77.8,99.5,200.0,96.0,95.5
2015,FOOT AND MOUTH DISEASE,,FMDCP,Rajasthan,state_8,4496.0,49.9,55.3,55.9,72.1,2298.0,83.3,71.1
2015,FOOT AND MOUTH DISEASE,17.0,FMDCP,Punjab,state_3,2126.0,67.8,64.1,64.2,77.7,2105.0,75.8,74.4
2015,FOOT AND MOUTH DISEASE,18.0,FMDCP,Kerala,state_32,2800.0,82.3,76.6,88.1,95.9,2800.0,92.0,87.2
2015,FOOT AND MOUTH DISEASE,18.0,FMDCP,Punjab,state_3,2400.0,71.8,65.7,60.2,70.2,2289.0,79.7,73.9
2015,FOOT AND MOUTH DISEASE,16.0,FMDCP,Tamil Nadu,state_33,6400.0,85.6,83.6,91.3,98.8,6400.0,98.2,97.8
2015,FOOT AND MOUTH DISEASE,19.0,FMDCP,Gujarat,state_24,5000.0,60.0,61.6,72.4,80.6,5000.0,73.1,74.6
2015,FOOT AND MOUTH DISEASE,9.0,FMDCP,Haryana,state_6,2600.0,81.3,81.2,84.9,97.8,2600.0,94.1,93.8
2016,FOOT AND MOUTH DISEASE,21.0,FMDCP,Gujarat,state_24,5000.0,31.5,24.4,25.7,53.4,5200.0,58.4,46.6
2016,FOOT AND MOUTH DISEASE,3.0,FMDCP,Rajasthan,state_8,1117.0,67.1,74.0,91.6,89.5,238.0,96.2,83.2
2016,FOOT AND MOUTH DISEASE,19.0,FMDCP,Punjab,state_3,698.0,70.8,66.2,68.5,,,,
2016,FOOT AND MOUTH DISEASE,18.0,FMDCP,Tamil Nadu,state_33,6156.0,64.4,56.4,70.1,86.5,6199.0,83.4,78.9
2016,FOOT AND MOUTH DISEASE,20.0,FMDCP,Andaman And Nicobar Islands,ut_35,520.0,14.6,16.4,24.4,37.8,386.0,33.9,28.8
2016,FOOT AND MOUTH DISEASE,21.0,FMDCP,Maharashtra,state_27,5306.0,66.1,46.2,54.2,67.1,5306.0,75.8,59.0
2016,FOOT AND MOUTH DISEASE,21.0,FMDCP,Telangana,state_36,1680.0,66.8,57.4,65.5,74.3,1636.0,76.7,71.4
2016,FOOT AND MOUTH DISEASE,10.0,FMDCP,Karnataka,state_29,4264.0,70.6,59.1,74.5,83.8,4360.0,82.9,75.8
2016,FOOT AND MOUTH DISEASE,11.0,FMDCP,Karnataka,state_29,5427.0,67.9,63.0,71.8,80.7,5161.0,82.0,78.0
2016,FOOT AND MOUTH DISEASE,11.0,FMDCP,Puducherry,ut_34,275.0,88.0,73.5,85.8,92.7,275.0,94.9,86.5
2016,FOOT AND MOUTH DISEASE,9.0,FMDCP,Goa,state_30,362.0,69.6,37.8,52.8,65.2,362.0,73.5,64.0
2016,FOOT AND MOUTH DISEASE,21.0,FMDCP,Punjab,state_3,2352.0,63.7,49.1,61.4,70.2,2087.0,76.1,62.2
2016,FOOT AND MOUTH DISEASE,19.0,FMDCP,Kerala,state_32,2361.0,67.0,57.4,60.4,79.6,2321.0,82.7,79.6
2016,FOOT AND MOUTH DISEASE,21.0,FMDCP,Andhra Pradesh,state_28,2598.0,61.9,50.2,54.9,69.1,2596.0,75.7,66.8
2016,FOOT AND MOUTH DISEASE,22.0,FMDCP,Andhra Pradesh,state_28,2480.0,51.4,35.8,44.2,63.0,2480.0,63.8,54.0
2016,FOOT AND MOUTH DISEASE,10.0,FMDCP,Goa,state_30,395.0,63.0,42.5,52.9,59.7,395.0,63.3,51.6
2017,FOOT AND MOUTH DISEASE,19.0,FMDCP,Tamil Nadu,state_33,6400.0,59.3,52.5,61.0,77.6,6400.0,77.0,74.5
2017,FOOT AND MOUTH DISEASE,20.0,FMDCP,Tamil Nadu,state_33,6000.0,62.2,52.8,59.5,80.1,6000.0,84.7,76.8
2017,FOOT AND MOUTH DISEASE,22.0,FMDCP,Gujarat,state_24,5000.0,31.7,23.9,24.3,52.6,5000.0,57.7,48.0
2017,FOOT AND MOUTH DISEASE,12.0,FMDCP,Karnataka,state_29,6000.0,75.0,88.0,74.0,84.0,6000.0,88.0,90.0
2017,FOOT AND MOUTH DISEASE,23.0,FMDCP,Telangana,state_36,1795.0,73.0,60.0,65.1,81.5,1732.0,86.9,72.3
2017,FOOT AND MOUTH DISEASE,22.0,FMDCP,Telangana,state_36,1680.0,61.9,56.4,57.9,79.3,1680.0,77.8,69.0
2017,FOOT AND MOUTH DISEASE,4.0,FMDCP,Bihar,state_10,,,,,4.8,2941.0,11.0,7.8
2017,FOOT AND MOUTH DISEASE,11.0,FMDCP,Goa,state_30,400.0,43.3,33.0,36.5,67.0,400.0,71.8,68.3
2017,FOOT AND MOUTH DISEASE,12.0,FMDCP,Goa,state_30,400.0,43.5,29.8,33.0,58.0,400.0,64.8,55.8
2017,FOOT AND MOUTH DISEASE,1.0,FMDCP,Chhattisgarh,state_22,2937.0,29.2,17.3,27.9,39.3,3676.0,43.9,31.4
2017,FOOT AND MOUTH DISEASE,6.0,FMDCP,Uttar Pradesh,state_9,8904.0,20.5,15.7,20.0,34.8,9125.0,34.4,28.3
2017,FOOT AND MOUTH DISEASE,24.0,FMDCP,Andhra Pradesh,state_28,2600.0,35.6,30.7,40.0,60.0,2600.0,55.8,51.6
2017,FOOT AND MOUTH DISEASE,23.0,FMDCP,Andhra Pradesh,state_28,2576.0,48.9,30.3,45.9,60.8,2576.0,60.3,45.0
2017,FOOT AND MOUTH DISEASE,20.0,FMDCP,Kerala,state_32,2200.0,51.5,54.6,61.5,86.7,2198.0,83.4,83.1
2017,FOOT AND MOUTH DISEASE,21.0,FMDCP,Punjab,state_3,2654.0,41.4,40.8,40.5,55.3,3043.0,62.4,55.6
2017,FOOT AND MOUTH DISEASE,2.0,FMDCP,West Bengal,state_19,3726.0,19.2,13.1,11.2,23.1,3726.0,40.5,25.4
2017,FOOT AND MOUTH DISEASE,1.0,FMDCP,West Bengal,state_19,1141.0,26.8,17.3,19.5,27.2,1141.0,35.8,22.0
2017,FOOT AND MOUTH DISEASE,2.0,FMDCP,Uttarakhand,state_5,1519.0,18.6,26.1,26.7,12.1,703.0,17.5,12.1
2017,FOOT AND MOUTH DISEASE,1.0,FMDCP,Uttarakhand,state_5,1021.0,16.0,9.2,12.0,13.4,941.0,18.6,9.8
2017,FOOT AND MOUTH DISEASE,13.0,FMDCP,Karnataka,state_29,5947.0,52.5,45.8,51.0,65.9,5950.0,69.7,61.2
2017,FOOT AND MOUTH DISEASE,13.0,FMDCP,Puducherry,ut_34,281.0,58.7,49.8,69.0,78.4,278.0,75.5,60.8
2017,FOOT AND MOUTH DISEASE,12.0,FMDCP,Puducherry,ut_34,265.0,95.8,85.7,94.7,95.5,265.0,98.1,89.8
2017,FOOT AND MOUTH DISEASE,2.0,FMDCP,Madhya Pradesh,state_23,10158.0,15.2,10.2,11.8,30.1,10176.0,31.7,23.2
2017,FOOT AND MOUTH DISEASE,22.0,FMDCP,Maharashtra,state_27,6108.0,44.9,32.8,41.4,60.8,5918.0,66.9,57.6
2017,FOOT AND MOUTH DISEASE,22.0,FMDCP,Andaman And Nicobar Islands,ut_35,291.0,18.6,15.8,20.9,44.1,274.0,40.9,37.2
2017,FOOT AND MOUTH DISEASE,21.0,FMDCP,Andaman And Nicobar Islands,ut_35,215.0,17.7,14.9,19.1,38.8,67.0,34.3,19.4
2017,FOOT AND MOUTH DISEASE,1.0,FMDCP,Odisha,state_21,1753.0,23.8,14.7,17.1,50.8,1591.0,58.8,44.9
2017,FOOT AND MOUTH DISEASE,23.0,FMDCP,Gujarat,state_24,5200.0,26.7,19.7,25.6,43.4,5200.0,45.0,35.5
2017,FOOT AND MOUTH DISEASE,5.0,FMDCP,Rajasthan,state_8,6800.0,31.0,29.0,22.5,44.7,6600.0,54.6,51.2
2018,FOOT AND MOUTH DISEASE,3.0,FMDCP,Odisha,state_21,5860.0,34.1,17.8,27.7,39.9,5720.0,51.3,33.8
2018,FOOT AND MOUTH DISEASE,24.0,FMDCP,Gujarat,state_24,5200.0,22.5,15.8,24.2,49.5,5180.0,48.7,38.0
2018,FOOT AND MOUTH DISEASE,22.0,FMDCP,Tamil Nadu,state_33,6200.0,47.3,40.2,51.7,73.9,6200.0,77.4,69.2
2018,FOOT AND MOUTH DISEASE,21.0,FMDCP,Tamil Nadu,state_33,6357.0,53.5,45.7,52.3,74.8,6302.0,78.4,70.2
2018,FOOT AND MOUTH DISEASE,2.0,FMDCP,Odisha,state_21,3600.0,26.4,16.5,22.4,44.7,3378.0,47.9,35.4
2018,FOOT AND MOUTH DISEASE,3.0,FMDCP,West Bengal,state_19,4600.0,22.9,11.3,15.5,29.0,4600.0,42.5,22.9
2018,FOOT AND MOUTH DISEASE,6.0,FMDCP,Rajasthan,state_8,6799.0,25.7,17.4,20.0,31.9,6800.0,45.0,33.4
2018,FOOT AND MOUTH DISEASE,3.0,FMDCP,Uttarakhand,state_5,2116.0,14.9,8.7,11.8,12.4,1503.0,18.7,10.1
2018,FOOT AND MOUTH DISEASE,26.0,FMDCP,Andhra Pradesh,state_28,2600.0,45.0,31.0,46.5,72.4,2600.0,75.7,66.0
2018,FOOT AND MOUTH DISEASE,25.0,FMDCP,Andhra Pradesh,state_28,2600.0,35.7,28.2,38.7,56.6,2600.0,58.5,50.3
2018,FOOT AND MOUTH DISEASE,21.0,FMDCP,Kerala,state_32,2800.0,59.0,41.0,59.9,84.0,2800.0,83.8,68.9
2018,FOOT AND MOUTH DISEASE,23.0,FMDCP,Punjab,state_3,3815.0,31.4,30.6,26.7,38.1,3902.0,39.0,45.9
2018,FOOT AND MOUTH DISEASE,22.0,FMDCP,Punjab,state_3,3921.0,40.5,34.4,36.7,50.7,3934.0,63.8,58.8
2018,FOOT AND MOUTH DISEASE,15.0,FMDCP,Puducherry,ut_34,288.0,63.9,41.3,83.3,93.4,288.0,73.6,69.8
2018,FOOT AND MOUTH DISEASE,14.0,FMDCP,Puducherry,ut_34,248.0,69.8,49.6,73.4,89.1,248.0,82.3,80.2
2018,FOOT AND MOUTH DISEASE,24.0,FMDCP,Maharashtra,state_27,3846.0,44.1,29.8,38.4,59.5,2039.0,59.0,49.0
2018,FOOT AND MOUTH DISEASE,23.0,FMDCP,Maharashtra,state_27,5765.0,40.2,27.2,36.4,50.9,5734.0,57.5,44.9
2018,FOOT AND MOUTH DISEASE,23.0,FMDCP,Andaman And Nicobar Islands,ut_35,362.0,21.8,12.7,22.7,43.3,319.0,40.4,27.3
2018,FOOT AND MOUTH DISEASE,14.0,FMDCP,Karnataka,state_29,5887.0,47.4,41.8,44.2,56.3,5997.0,64.8,56.1
2018,FOOT AND MOUTH DISEASE,14.0,FMDCP,Goa,state_30,400.0,31.3,26.3,38.3,48.5,400.0,49.8,41.0
2018,FOOT AND MOUTH DISEASE,24.0,FMDCP,Telangana,state_36,1795.0,55.9,44.3,53.1,74.4,1785.0,75.9,69.7
2018,FOOT AND MOUTH DISEASE,5.0,FMDCP,Bihar,state_10,3952.0,3.6,2.4,2.2,5.6,4014.0,9.3,7.2
2018,FOOT AND MOUTH DISEASE,7.0,FMDCP,Uttar Pradesh,state_9,11568.0,16.7,13.9,18.9,32.4,11627.0,30.8,24.5
2018,FOOT AND MOUTH DISEASE,2.0,FMDCP,Chhattisgarh,state_22,3517.0,33.3,17.8,34.5,50.8,3771.0,47.7,34.2
2018,FOOT AND MOUTH DISEASE,25.0,FMDCP,Telangana,state_36,1720.0,49.2,37.7,52.6,76.7,1720.0,78.3,63.4
2018,FOOT AND MOUTH DISEASE,13.0,FMDCP,Goa,state_30,400.0,36.5,34.8,38.3,43.3,400.0,43.5,39.0
2021,FOOT AND MOUTH DISEASE,1.0,NADCP,Chhattisgarh,state_22,2152.0,17.0,10.9,11.5,22.7,2011.0,35.6,22.9
2021,FOOT AND MOUTH DISEASE,1.0,NADCP,Jharkhand,state_20,1506.0,9.0,3.4,4.7,16.7,492.0,29.1,13.2
2021,FOOT AND MOUTH DISEASE,1.0,NADCP,Haryana,state_6,2267.0,24.2,24.0,28.4,63.8,2271.0,59.2,60.8
2021,FOOT AND MOUTH DISEASE,1.0,NADCP,Punjab,state_3,2198.0,11.5,18.9,18.1,23.6,886.0,22.7,16.7
2021,FOOT AND MOUTH DISEASE,1.0,NADCP,Odisha,state_21,2262.0,12.7,8.8,7.3,17.8,2262.0,36.0,20.5
2021,FOOT AND MOUTH DISEASE,1.0,NADCP,Gujarat,state_24,2223.0,18.8,16.4,20.1,46.5,2223.0,44.2,42.4
2021,FOOT AND MOUTH DISEASE,1.0,NADCP,Madhya Pradesh,state_23,4589.0,10.0,8.7,9.3,24.1,4589.0,28.4,21.4
2021,FOOT AND MOUTH DISEASE,1.0,NADCP,Andhra Pradesh,state_28,2119.0,9.0,5.6,9.2,27.2,2116.0,29.2,23.8
2021,FOOT AND MOUTH DISEASE,1.0,NADCP,Tamil Nadu,state_33,2246.0,37.0,27.5,27.8,61.8,2246.0,70.3,60.8
2021,FOOT AND MOUTH DISEASE,1.0,NADCP,Karnataka,state_29,2300.0,16.3,12.3,13.2,37.6,2303.0,45.2,33.3
2021,FOOT AND MOUTH DISEASE,1.0,NADCP,Kerala,state_32,2145.0,47.4,39.5,45.7,67.6,2145.0,70.9,60.1
2021,FOOT AND MOUTH DISEASE,1.0,NADCP,Telangana,state_36,2210.0,20.7,14.5,20.5,55.0,2210.0,52.4,49.1
2021,FOOT AND MOUTH DISEASE,1.0,NADCP,Maharashtra,state_27,4346.0,17.5,14.4,16.2,32.3,4359.0,36.3,29.5
2021,FOOT AND MOUTH DISEASE,1.0,NADCP,Meghalaya,state_17,586.0,14.0,7.0,16.9,32.4,586.0,41.6,34.5
2021,FOOT AND MOUTH DISEASE,1.0,NADCP,Sikkim,state_11,999.0,2.7,3.9,2.8,16.6,743.0,22.2,14.9
2021,FOOT AND MOUTH DISEASE,1.0,NADCP,Manipur,state_14,807.0,9.7,7.1,7.2,36.8,807.0,45.8,40.8
2021,FOOT AND MOUTH DISEASE,1.0,NADCP,Assam,state_18,1989.0,9.3,2.0,1.3,6.2,1401.0,16.0,6.9
2021,FOOT AND MOUTH DISEASE,1.0,NADCP,Mizoram,state_15,838.0,10.5,8.9,10.9,28.8,838.0,30.4,26.5
2021,FOOT AND MOUTH DISEASE,1.0,NADCP,Uttarakhand,state_5,1320.0,4.2,3.8,3.0,23.1,1291.0,24.3,17.5
2021,FOOT AND MOUTH DISEASE,1.0,NADCP,Jammu And Kashmir,ut_1,1525.0,17.4,9.2,10.3,19.3,1276.0,35.3,23.1
2021,FOOT AND MOUTH DISEASE,1.0,NADCP,Himachal Pradesh,state_2,1504.0,2.9,3.5,1.2,4.0,2301.0,9.0,7.3
2021,FOOT AND MOUTH DISEASE,1.0,NADCP,Uttar Pradesh,state_9,7468.0,9.9,7.5,8.6,22.1,5975.0,28.7,18.2
2021,FOOT AND MOUTH DISEASE,1.0,NADCP,Puducherry,ut_34,960.0,84.1,78.6,84.8,89.2,960.0,89.3,80.3
2021,FOOT AND MOUTH DISEASE,1.0,NADCP,Delhi,ut_7,200.0,39.5,47.5,40.5,77.5,191.0,81.2,74.9
2021,FOOT AND MOUTH DISEASE,1.0,NADCP,Rajasthan,state_8,1188.0,44.9,44.6,38.6,52.9,1188.0,57.1,54.0
2021,FOOT AND MOUTH DISEASE,1.0,NADCP,Nagaland,state_13,726.0,13.2,6.2,4.3,9.5,419.0,6.0,12.9
2021,FOOT AND MOUTH DISEASE,1.0,NADCP,Goa,state_30,735.0,34.1,27.6,34.4,42.7,735.0,49.1,43.3
2021,FOOT AND MOUTH DISEASE,1.0,NADCP,Arunachal Pradesh,state_12,186.0,2.7,14.0,1.1,,,,
2021,FOOT AND MOUTH DISEASE,1.0,NADCP,Andaman And Nicobar Islands,ut_35,328.0,19.8,9.8,24.4,45.3,516.0,39.3,34.9
2022,FOOT AND MOUTH DISEASE,2.0,NADCP,Andaman And Nicobar Islands,ut_35,472.0,15.3,6.8,16.7,85.8,472.0,79.2,68.0
2022,FOOT AND MOUTH DISEASE,2.0,NADCP,Andhra Pradesh,state_28,2722.0,19.7,19.5,22.9,49.2,2716.0,41.5,46.5
2022,FOOT AND MOUTH DISEASE,2.0,NADCP,Arunachal Pradesh,state_12,417.0,15.6,12.0,0.5,72.5,342.0,82.5,73.1
2022,FOOT AND MOUTH DISEASE,2.0,NADCP,Assam,state_18,1848.0,24.7,19.9,19.9,55.0,1848.0,57.1,54.2
2022,FOOT AND MOUTH DISEASE,2.0,NADCP,Bihar,state_10,2246.0,16.0,7.4,11.8,37.2,2117.0,45.3,45.9
2022,FOOT AND MOUTH DISEASE,2.0,NADCP,Chandigarh,ut_4,200.0,35.5,32.0,40.0,79.0,200.0,75.5,68.0
2022,FOOT AND MOUTH DISEASE,2.0,NADCP,Chhattisgarh,state_22,2209.0,24.4,16.6,11.5,,,,
2022,FOOT AND MOUTH DISEASE,2.0,NADCP,The Dadra And Nagar Haveli And Daman And Diu,ut_38,200.0,56.0,27.5,32.0,58.6,191.0,69.6,67.5
2022,FOOT AND MOUTH DISEASE,2.0,NADCP,Delhi,ut_7,234.0,73.1,65.0,65.0,89.6,230.0,88.7,86.1
2022,FOOT AND MOUTH DISEASE,2.0,NADCP,Goa,state_30,1289.0,48.4,35.1,43.2,84.8,1289.0,77.8,79.8
2022,FOOT AND MOUTH DISEASE,2.0,NADCP,Gujarat,state_24,2184.0,15.2,12.1,14.0,34.8,2184.0,40.6,27.1
2022,FOOT AND MOUTH DISEASE,2.0,NADCP,Haryana,state_6,2289.0,36.4,34.7,43.2,72.9,2285.0,68.8,67.9
2022,FOOT AND MOUTH DISEASE,2.0,NADCP,Himachal Pradesh,state_2,619.0,31.7,26.8,20.5,55.1,1432.0,61.5,54.9
2022,FOOT AND MOUTH DISEASE,2.0,NADCP,Jammu And Kashmir,ut_1,1073.0,18.5,13.0,10.3,57.4,1048.0,67.3,58.2
2022,FOOT AND MOUTH DISEASE,2.0,NADCP,Jharkhand,state_20,83.0,33.7,15.7,36.1,,,,
2022,FOOT AND MOUTH DISEASE,2.0,NADCP,Karnataka,state_29,2166.0,50.0,45.2,45.5,83.2,2173.0,85.5,84.1
2022,FOOT AND MOUTH DISEASE,2.0,NADCP,Kerala,state_32,2182.0,35.7,33.7,37.0,72.5,2182.0,72.7,69.2
2022,FOOT AND MOUTH DISEASE,2.0,NADCP,Madhya Pradesh,state_23,1014.0,35.1,38.0,20.8,51.9,1014.0,63.0,66.6
2022,FOOT AND MOUTH DISEASE,2.0,NADCP,Maharashtra,state_27,4420.0,31.4,33.5,31.2,77.8,4420.0,76.3,79.7
2022,FOOT AND MOUTH DISEASE,2.0,NADCP,Meghalaya,state_17,198.0,34.8,60.6,8.1,66.2,154.0,90.9,92.2
2022,FOOT AND MOUTH DISEASE,2.0,NADCP,Nagaland,state_13,1056.0,44.3,28.1,31.6,,,,
2022,FOOT AND MOUTH DISEASE,2.0,NADCP,Odisha,state_21,2262.0,13.4,12.5,12.7,87.0,2262.0,89.9,87.9
2022,FOOT AND MOUTH DISEASE,2.0,NADCP,Puducherry,ut_34,883.0,91.3,83.1,85.5,89.1,883.0,95.9,89.8
2022,FOOT AND MOUTH DISEASE,2.0,NADCP,Punjab,state_3,2196.0,33.2,29.5,30.2,68.1,2196.0,66.1,66.7
2022,FOOT AND MOUTH DISEASE,2.0,NADCP,Sikkim,state_11,1138.0,12.5,11.2,12.6,45.9,1016.0,52.4,48.2
2022,FOOT AND MOUTH DISEASE,2.0,NADCP,Tamil Nadu,state_33,2327.0,51.4,36.5,40.6,70.3,2327.0,78.3,68.5
2022,FOOT AND MOUTH DISEASE,2.0,NADCP,Telangana,state_36,2275.0,29.8,22.6,22.0,57.2,2275.0,64.0,56.0
2022,FOOT AND MOUTH DISEASE,2.0,NADCP,Uttar Pradesh,state_9,2433.0,33.0,22.0,25.2,45.3,2240.0,54.6,57.1
2022,FOOT AND MOUTH DISEASE,2.0,NADCP,Uttarakhand,state_5,1358.0,16.7,13.3,11.0,45.0,1236.0,58.2,59.7
2022,FOOT AND MOUTH DISEASE,2.0,NADCP,West Bengal,state_19,803.0,30.8,17.2,19.6,63.6,814.0,75.3,63.0
