metadata.recordID,metadata.diseaseName,metadata.diseaseCode,metadata.round,metadata.vaccinationStartDate,metadata.reportDate,country.ID,country.name,state.ID,state.name,district.ID,district.name,daily.vaccinated.cattle,daily.vaccinated.buffalo,daily.vaccinated.total,daily.vaccinated.cattle4to5m,daily.vaccinated.buffalo4to5m,daily.vaccinated.total4to5m,daily.booster.cattle4to5m,daily.booster.buffalo4to5m,daily.booster.total4to5m,daily.farmersCovered,cumulative.tagged.cattle,cumulative.tagged.buffalo,cumulative.tagged.total
20c8670f-b98c-4c13-90a0-47cab1e33408,Foot And Mouth Disease,ICD11_1F05,round2,,2021-10-27T00:00:00,country_IN,India,state_29,Karnataka,district_525,Bengaluru Urban,0.0,0.0,,0.0,,,0.0,0.0,,,0.0,0.0,
e06b38ec-b8ab-4056-9324-5ba88aa7d89d,Foot And Mouth Disease,ICD11_1F05,round2,,2021-10-27T00:00:00,country_IN,India,state_29,Karnataka,district_526,Bengaluru Rural,0.0,0.0,,0.0,,,0.0,0.0,,,0.0,0.0,
6255e347-669c-425f-bf63-c8cd4bf0ad7e,Foot And Mouth Disease,ICD11_1F05,round2,2021-10-22T00:00:00,2021-10-27T00:00:00,country_IN,India,state_29,Karnataka,district_533,Chitradurga,9761.0,4417.0,,830.0,,,0.0,0.0,,,7046.0,2694.0,
712765e4-df71-49bb-afc0-b13674377e56,Foot And Mouth Disease,ICD11_1F05,round2,,2021-10-27T00:00:00,country_IN,India,state_29,Karnataka,district_630,Chikkaballapura,0.0,0.0,,0.0,,,0.0,0.0,,,0.0,0.0,
fce02da5-f16b-431f-82cd-37bc6cde0b05,Foot And Mouth Disease,ICD11_1F05,round2,,2021-10-27T00:00:00,country_IN,India,state_29,Karnataka,district_535,Davangere,0.0,0.0,,0.0,,,0.0,0.0,,,0.0,0.0,
61ec89f9-ad86-414c-9b41-5bf2e15412d7,Foot And Mouth Disease,ICD11_1F05,round2,,2021-10-27T00:00:00,country_IN,India,state_29,Karnataka,district_542,Kolar,0.0,0.0,,0.0,,,0.0,0.0,,,0.0,0.0,
ac364ae7-fc03-4564-ae9a-a0a37bab3cee,Foot And Mouth Disease,ICD11_1F05,round2,,2021-10-27T00:00:00,country_IN,India,state_29,Karnataka,district_631,Ramanagara,0.0,0.0,,0.0,,,0.0,0.0,,,0.0,0.0,
5ce41219-3b8b-40b3-ac17-684cbbe28705,Foot And Mouth Disease,ICD11_1F05,round2,,2021-10-27T00:00:00,country_IN,India,state_29,Karnataka,district_547,Shivamogga,0.0,0.0,,0.0,,,0.0,0.0,,,0.0,0.0,
d90beac4-fa0a-4900-a9f8-22460fd7f1bc,Foot And Mouth Disease,ICD11_1F05,round2,2021-10-23T00:00:00,2021-10-27T00:00:00,country_IN,India,state_29,Karnataka,district_548,Tumakuru,18432.0,5111.0,,266.0,,,0.0,0.0,,,7413.0,2147.0,
f4d51969-e305-441d-8e84-5f01ece572be,Foot And Mouth Disease,ICD11_1F05,round2,,2021-10-27T00:00:00,country_IN,India,state_29,Karnataka,district_531,Chamarajanagara,0.0,0.0,,0.0,,,0.0,0.0,,,0.0,0.0,
a1db268c-9f38-4f08-a8a4-ea3365059812,Foot And Mouth Disease,ICD11_1F05,round2,,2021-10-27T00:00:00,country_IN,India,state_29,Karnataka,district_532,Chikkamagaluru,0.0,0.0,,0.0,,,0.0,0.0,,,0.0,0.0,
eb52b1c6-d3b9-4e43-8f5e-4928afe4da8c,Foot And Mouth Disease,ICD11_1F05,round2,,2021-10-27T00:00:00,country_IN,India,state_29,Karnataka,district_534,Dakshina Kannada,0.0,0.0,,0.0,,,0.0,0.0,,,0.0,0.0,
7f2ce9fb-e392-42c4-b161-de0e1c40cb0c,Foot And Mouth Disease,ICD11_1F05,round2,,2021-10-27T00:00:00,country_IN,India,state_29,Karnataka,district_539,Hassan,0.0,0.0,,0.0,,,0.0,0.0,,,0.0,0.0,
05732906-4df7-4683-8df7-37c767c83d2a,Foot And Mouth Disease,ICD11_1F05,round2,,2021-10-27T00:00:00,country_IN,India,state_29,Karnataka,district_541,Kodagu,0.0,0.0,,0.0,,,0.0,0.0,,,0.0,0.0,
0d6f5e59-6856-4fd9-80cd-de9e0a92a5c4,Foot And Mouth Disease,ICD11_1F05,round2,,2021-10-27T00:00:00,country_IN,India,state_29,Karnataka,district_545,Mysuru,0.0,0.0,,0.0,,,0.0,0.0,,,0.0,0.0,
126f9cf1-3559-468e-b53a-25e3df90fe9c,Foot And Mouth Disease,ICD11_1F05,round2,,2021-10-27T00:00:00,country_IN,India,state_29,Karnataka,district_544,Mandya,0.0,0.0,,0.0,,,0.0,0.0,,,0.0,0.0,
3050a9c8-c49c-4f4d-a6a4-1d2830c57fe6,Foot And Mouth Disease,ICD11_1F05,round2,,2021-10-27T00:00:00,country_IN,India,state_29,Karnataka,district_549,Udupi,0.0,0.0,,0.0,,,0.0,0.0,,,0.0,0.0,
9cf483ee-ccdc-4757-9fd4-ea5c3e8f73e1,Foot And Mouth Disease,ICD11_1F05,round2,,2021-10-27T00:00:00,country_IN,India,state_29,Karnataka,district_527,Belagavi,0.0,0.0,,0.0,,,0.0,0.0,,,0.0,0.0,
dec47ddc-2f6c-42b5-aaae-a2e09a7e3700,Foot And Mouth Disease,ICD11_1F05,round2,,2021-10-27T00:00:00,country_IN,India,state_29,Karnataka,district_524,Bagalkote,0.0,0.0,,0.0,,,0.0,0.0,,,0.0,0.0,
fe55d090-6b86-402a-8f8f-0b2f316b49cc,Foot And Mouth Disease,ICD11_1F05,round2,,2021-10-27T00:00:00,country_IN,India,state_29,Karnataka,district_536,Dharwad,0.0,0.0,,0.0,,,0.0,0.0,,,0.0,0.0,
dbb57b4e-8a59-4e94-91fe-3f2464efcec4,Foot And Mouth Disease,ICD11_1F05,round2,,2021-10-27T00:00:00,country_IN,India,state_29,Karnataka,district_537,Gadag,0.0,0.0,,0.0,,,0.0,0.0,,,0.0,0.0,
bdd7901b-fff0-4283-9c3e-cd772f301e3d,Foot And Mouth Disease,ICD11_1F05,round2,,2021-10-27T00:00:00,country_IN,India,state_29,Karnataka,district_540,Haveri,0.0,0.0,,0.0,,,0.0,0.0,,,0.0,0.0,
9809d685-84cf-40f4-a703-75a8933bc31b,Foot And Mouth Disease,ICD11_1F05,round2,,2021-10-27T00:00:00,country_IN,India,state_29,Karnataka,district_550,Uttara Kannada,0.0,0.0,,0.0,,,0.0,0.0,,,0.0,0.0,
287d3b50-e3c6-4e5c-a208-26eec701f8e8,Foot And Mouth Disease,ICD11_1F05,round2,,2021-10-27T00:00:00,country_IN,India,state_29,Karnataka,district_530,Vijayapura,0.0,0.0,,0.0,,,0.0,0.0,,,0.0,0.0,
391fd919-8593-4452-a8db-d2e19334a83c,Foot And Mouth Disease,ICD11_1F05,round2,2021-10-23T00:00:00,2021-10-27T00:00:00,country_IN,India,state_29,Karnataka,district_528,Ballari,10775.0,5266.0,,186.0,,,0.0,0.0,,,1982.0,890.0,
1ca3d3fd-4334-43d3-8021-0ea09d3ce12e,Foot And Mouth Disease,ICD11_1F05,round2,2021-10-22T00:00:00,2021-10-27T00:00:00,country_IN,India,state_29,Karnataka,district_529,Bidar,6895.0,4869.0,,251.0,,,0.0,0.0,,,1206.0,956.0,
ec27cb34-4a5a-432b-8fd2-cc26999431c4,Foot And Mouth Disease,ICD11_1F05,round2,,2021-10-27T00:00:00,country_IN,India,state_29,Karnataka,district_543,Koppal,0.0,0.0,,0.0,,,0.0,0.0,,,0.0,0.0,
377d2707-ef9f-44ed-a9c2-6cafb6bc5c69,Foot And Mouth Disease,ICD11_1F05,round2,2021-10-22T00:00:00,2021-10-27T00:00:00,country_IN,India,state_29,Karnataka,district_538,Kalaburagi,23654.0,3585.0,,76.0,,,0.0,0.0,,,3482.0,704.0,
2004f8d8-dfb6-435d-948e-74424d8659f1,Foot And Mouth Disease,ICD11_1F05,round2,2021-10-23T00:00:00,2021-10-27T00:00:00,country_IN,India,state_29,Karnataka,district_546,Raichur,6635.0,2797.0,,61.0,,,0.0,0.0,,,229.0,25.0,
9b9b6fec-3a74-47be-bc56-9927f83457ab,Foot And Mouth Disease,ICD11_1F05,round2,2021-10-23T00:00:00,2021-10-27T00:00:00,country_IN,India,state_29,Karnataka,district_635,Yadgir,3850.0,1082.0,,74.0,,,0.0,0.0,,,366.0,67.0,
b46f507d-3c42-43c5-9f2f-d34716cf2777,Foot And Mouth Disease,ICD11_1F05,round2,,2021-10-29T00:00:00,country_IN,India,state_29,Karnataka,district_525,Bengaluru Urban,0.0,0.0,,0.0,,,0.0,0.0,,,0.0,0.0,
4cbd5204-eef3-45e5-8966-4d6bfe9ab76e,Foot And Mouth Disease,ICD11_1F05,round2,,2021-10-29T00:00:00,country_IN,India,state_29,Karnataka,district_526,Bengaluru Rural,0.0,0.0,,0.0,,,0.0,0.0,,,0.0,0.0,
4fc01d9a-62e2-4f6e-907e-ea37a42fc038,Foot And Mouth Disease,ICD11_1F05,round2,2021-10-22T00:00:00,2021-10-29T00:00:00,country_IN,India,state_29,Karnataka,district_533,Chitradurga,11091.0,4516.0,,751.0,,,0.0,0.0,,,11283.0,5113.0,
b100dbc9-0c24-4a9f-8c0f-669b44974f16,Foot And Mouth Disease,ICD11_1F05,round2,,2021-10-29T00:00:00,country_IN,India,state_29,Karnataka,district_630,Chikkaballapura,0.0,0.0,,0.0,,,0.0,0.0,,,0.0,0.0,
ec9a3b84-8a6d-49e6-8136-ec864dcce58f,Foot And Mouth Disease,ICD11_1F05,round2,,2021-10-29T00:00:00,country_IN,India,state_29,Karnataka,district_535,Davangere,0.0,0.0,,0.0,,,0.0,0.0,,,0.0,0.0,
b9a0463d-00d4-4d45-ae0c-25e7f71c0006,Foot And Mouth Disease,ICD11_1F05,round2,,2021-10-29T00:00:00,country_IN,India,state_29,Karnataka,district_542,Kolar,0.0,0.0,,0.0,,,0.0,0.0,,,0.0,0.0,
89f544b5-66ba-4a9c-a56f-af573fd1934c,Foot And Mouth Disease,ICD11_1F05,round2,,2021-10-29T00:00:00,country_IN,India,state_29,Karnataka,district_631,Ramanagara,0.0,0.0,,0.0,,,0.0,0.0,,,0.0,0.0,
342eadd5-bac3-46fd-a90a-e0344f517d1f,Foot And Mouth Disease,ICD11_1F05,round2,,2021-10-29T00:00:00,country_IN,India,state_29,Karnataka,district_547,Shivamogga,0.0,0.0,,0.0,,,0.0,0.0,,,0.0,0.0,
508eab32-9abe-499e-8509-845d061da848,Foot And Mouth Disease,ICD11_1F05,round2,2021-10-23T00:00:00,2021-10-29T00:00:00,country_IN,India,state_29,Karnataka,district_548,Tumakuru,18587.0,5691.0,,416.0,,,0.0,0.0,,,11351.0,3156.0,
1dd02cc1-da0b-4b87-b896-975b6684dd1e,Foot And Mouth Disease,ICD11_1F05,round2,,2021-10-29T00:00:00,country_IN,India,state_29,Karnataka,district_531,Chamarajanagara,0.0,0.0,,0.0,,,0.0,0.0,,,0.0,0.0,
add497ec-6661-42f3-95c6-df241fa616ec,Foot And Mouth Disease,ICD11_1F05,round2,,2021-10-29T00:00:00,country_IN,India,state_29,Karnataka,district_532,Chikkamagaluru,0.0,0.0,,0.0,,,0.0,0.0,,,0.0,0.0,
619bf649-aebd-4793-9bb8-45b353ce803b,Foot And Mouth Disease,ICD11_1F05,round2,,2021-10-29T00:00:00,country_IN,India,state_29,Karnataka,district_534,Dakshina Kannada,0.0,0.0,,0.0,,,0.0,0.0,,,0.0,0.0,
ec71fdfd-4c51-45e2-972f-90bbbd4c1d18,Foot And Mouth Disease,ICD11_1F05,round2,,2021-10-29T00:00:00,country_IN,India,state_29,Karnataka,district_539,Hassan,0.0,0.0,,0.0,,,0.0,0.0,,,0.0,0.0,
8f460a53-7e95-46d6-bb05-e032e84e046a,Foot And Mouth Disease,ICD11_1F05,round2,,2021-10-29T00:00:00,country_IN,India,state_29,Karnataka,district_541,Kodagu,0.0,0.0,,0.0,,,0.0,0.0,,,0.0,0.0,
a7f3ba53-79ec-4ff5-8c43-be12826f73e6,Foot And Mouth Disease,ICD11_1F05,round2,,2021-10-29T00:00:00,country_IN,India,state_29,Karnataka,district_545,Mysuru,0.0,0.0,,0.0,,,0.0,0.0,,,0.0,0.0,
fd735508-a62b-4358-9408-59c2f9a71ca5,Foot And Mouth Disease,ICD11_1F05,round2,,2021-10-29T00:00:00,country_IN,India,state_29,Karnataka,district_544,Mandya,0.0,0.0,,0.0,,,0.0,0.0,,,0.0,0.0,
33513f1d-c889-4d8c-8529-bd793c524243,Foot And Mouth Disease,ICD11_1F05,round2,,2021-10-29T00:00:00,country_IN,India,state_29,Karnataka,district_549,Udupi,0.0,0.0,,0.0,,,0.0,0.0,,,0.0,0.0,
f4f46dd3-e1b1-4d64-b591-62243cf09219,Foot And Mouth Disease,ICD11_1F05,round2,,2021-10-29T00:00:00,country_IN,India,state_29,Karnataka,district_527,Belagavi,0.0,0.0,,0.0,,,0.0,0.0,,,0.0,0.0,
3ff8cf1a-82d5-4374-b34f-f0994a5f92e3,Foot And Mouth Disease,ICD11_1F05,round2,,2021-10-29T00:00:00,country_IN,India,state_29,Karnataka,district_524,Bagalkote,0.0,0.0,,0.0,,,0.0,0.0,,,0.0,0.0,
53b7e9df-e4de-4e3d-a19e-e6187a0cc480,Foot And Mouth Disease,ICD11_1F05,round2,,2021-10-29T00:00:00,country_IN,India,state_29,Karnataka,district_536,Dharwad,0.0,0.0,,0.0,,,0.0,0.0,,,0.0,0.0,
017ac097-6f4f-4bed-94a7-307d9c96cd97,Foot And Mouth Disease,ICD11_1F05,round2,,2021-10-29T00:00:00,country_IN,India,state_29,Karnataka,district_537,Gadag,0.0,0.0,,0.0,,,0.0,0.0,,,0.0,0.0,
7a4e5685-9b1a-4325-85aa-826bd97c82da,Foot And Mouth Disease,ICD11_1F05,round2,,2021-10-29T00:00:00,country_IN,India,state_29,Karnataka,district_540,Haveri,0.0,0.0,,0.0,,,0.0,0.0,,,0.0,0.0,
bc5af507-d89d-45e9-8f08-e60e18825567,Foot And Mouth Disease,ICD11_1F05,round2,,2021-10-29T00:00:00,country_IN,India,state_29,Karnataka,district_550,Uttara Kannada,0.0,0.0,,0.0,,,0.0,0.0,,,0.0,0.0,
c20e9c16-ebd0-4de2-81ed-b851fa3d6b96,Foot And Mouth Disease,ICD11_1F05,round2,,2021-10-29T00:00:00,country_IN,India,state_29,Karnataka,district_530,Vijayapura,0.0,0.0,,0.0,,,0.0,0.0,,,0.0,0.0,
3f55894b-c4e5-4597-826e-be7e6612143a,Foot And Mouth Disease,ICD11_1F05,round2,2021-10-23T00:00:00,2021-10-29T00:00:00,country_IN,India,state_29,Karnataka,district_528,Ballari,10854.0,5126.0,,254.0,,,0.0,0.0,,,2703.0,1232.0,
0192ce03-1be7-4556-87ad-ce1768041dfa,Foot And Mouth Disease,ICD11_1F05,round2,2021-10-22T00:00:00,2021-10-29T00:00:00,country_IN,India,state_29,Karnataka,district_529,Bidar,6712.0,4486.0,,79.0,,,0.0,0.0,,,1446.0,1155.0,
f681c820-1971-4605-947c-30125a5b2827,Foot And Mouth Disease,ICD11_1F05,round2,,2021-10-29T00:00:00,country_IN,India,state_29,Karnataka,district_543,Koppal,0.0,0.0,,0.0,,,0.0,0.0,,,0.0,0.0,
0698a287-fd02-47ea-bd3a-b140dc50b03d,Foot And Mouth Disease,ICD11_1F05,round2,2021-10-22T00:00:00,2021-10-29T00:00:00,country_IN,India,state_29,Karnataka,district_538,Kalaburagi,22685.0,3594.0,,34.0,,,0.0,0.0,,,3953.0,805.0,
bedb74a5-13d5-42a2-ac37-ac97161b47b3,Foot And Mouth Disease,ICD11_1F05,round2,2021-10-23T00:00:00,2021-10-29T00:00:00,country_IN,India,state_29,Karnataka,district_546,Raichur,8815.0,3403.0,,54.0,,,0.0,0.0,,,229.0,25.0,
8711063c-c4fb-417e-b0dd-f7ed04317b1a,Foot And Mouth Disease,ICD11_1F05,round2,2021-10-23T00:00:00,2021-10-29T00:00:00,country_IN,India,state_29,Karnataka,district_635,Yadgir,5681.0,1430.0,,44.0,,,7.0,2.0,,,1277.0,177.0,
6ff67902-9e42-40d0-bd47-151a424967e4,Foot And Mouth Disease,ICD11_1F05,round2,,2021-10-24T00:00:00,country_IN,India,state_29,Karnataka,district_525,Bengaluru Urban,0.0,0.0,,0.0,,,0.0,0.0,,0.0,0.0,0.0,
42c6724e-c7a2-4ff8-b15f-5ba8a6946632,Foot And Mouth Disease,ICD11_1F05,round2,,2021-10-24T00:00:00,country_IN,India,state_29,Karnataka,district_526,Bengaluru Rural,0.0,0.0,,0.0,,,0.0,0.0,,0.0,0.0,0.0,
3c9ae6db-8202-466f-9cf8-76b316d5ddd5,Foot And Mouth Disease,ICD11_1F05,round2,2021-10-22T00:00:00,2021-10-24T00:00:00,country_IN,India,state_29,Karnataka,district_533,Chitradurga,1045.0,357.0,,0.0,,,0.0,0.0,,495.0,1031.0,279.0,
e2a7592c-d6f4-42d2-b132-1fe1be10dc29,Foot And Mouth Disease,ICD11_1F05,round2,,2021-10-24T00:00:00,country_IN,India,state_29,Karnataka,district_630,Chikkaballapura,0.0,0.0,,0.0,,,0.0,0.0,,0.0,0.0,0.0,
4f5d67be-0387-4875-b823-d881dc1b5b7e,Foot And Mouth Disease,ICD11_1F05,round2,,2021-10-24T00:00:00,country_IN,India,state_29,Karnataka,district_535,Davangere,0.0,0.0,,0.0,,,0.0,0.0,,0.0,0.0,0.0,
feec1d64-cd9f-46bd-b95f-98f0d8238af2,Foot And Mouth Disease,ICD11_1F05,round2,,2021-10-24T00:00:00,country_IN,India,state_29,Karnataka,district_542,Kolar,0.0,0.0,,0.0,,,0.0,0.0,,0.0,0.0,0.0,
4e54dcb4-9e8a-4c69-89eb-e01463165a40,Foot And Mouth Disease,ICD11_1F05,round2,,2021-10-24T00:00:00,country_IN,India,state_29,Karnataka,district_631,Ramanagara,0.0,0.0,,0.0,,,0.0,0.0,,0.0,0.0,0.0,
febf8f21-b154-40bc-ae7a-d99df10f6c11,Foot And Mouth Disease,ICD11_1F05,round2,,2021-10-24T00:00:00,country_IN,India,state_29,Karnataka,district_547,Shivamogga,0.0,0.0,,0.0,,,0.0,0.0,,0.0,0.0,0.0,
cbdc07e9-039b-4993-8bcc-e037b415a5d5,Foot And Mouth Disease,ICD11_1F05,round2,2021-10-23T00:00:00,2021-10-24T00:00:00,country_IN,India,state_29,Karnataka,district_548,Tumakuru,13196.0,3043.0,,154.0,,,0.0,0.0,,7808.0,1506.0,436.0,
8045d0fa-50c7-4616-883e-6dd57c76633e,Foot And Mouth Disease,ICD11_1F05,round2,,2021-10-24T00:00:00,country_IN,India,state_29,Karnataka,district_531,Chamarajanagara,0.0,0.0,,0.0,,,0.0,0.0,,0.0,0.0,0.0,
84c2a82c-346b-4740-81cd-c1acaad022ad,Foot And Mouth Disease,ICD11_1F05,round2,,2021-10-24T00:00:00,country_IN,India,state_29,Karnataka,district_532,Chikkamagaluru,0.0,0.0,,0.0,,,0.0,0.0,,0.0,0.0,0.0,
2625a191-880a-420e-9538-7e758f776ee5,Foot And Mouth Disease,ICD11_1F05,round2,,2021-10-24T00:00:00,country_IN,India,state_29,Karnataka,district_534,Dakshina Kannada,0.0,0.0,,0.0,,,0.0,0.0,,0.0,0.0,0.0,
8c1d981f-160e-4ca8-9a40-7ebfcce8ef22,Foot And Mouth Disease,ICD11_1F05,round2,,2021-10-24T00:00:00,country_IN,India,state_29,Karnataka,district_539,Hassan,0.0,0.0,,0.0,,,0.0,0.0,,0.0,0.0,0.0,
9abe5bd3-82e5-4dcf-96cb-9bee1b3bca18,Foot And Mouth Disease,ICD11_1F05,round2,,2021-10-24T00:00:00,country_IN,India,state_29,Karnataka,district_541,Kodagu,0.0,0.0,,0.0,,,0.0,0.0,,0.0,0.0,0.0,
11bf8d7a-202a-415b-b630-cc3cb67bfb4b,Foot And Mouth Disease,ICD11_1F05,round2,,2021-10-24T00:00:00,country_IN,India,state_29,Karnataka,district_545,Mysuru,0.0,0.0,,0.0,,,0.0,0.0,,0.0,0.0,0.0,
16ee853a-613f-4349-bb5b-d9f5c95b9b85,Foot And Mouth Disease,ICD11_1F05,round2,,2021-10-24T00:00:00,country_IN,India,state_29,Karnataka,district_544,Mandya,0.0,0.0,,0.0,,,0.0,0.0,,0.0,0.0,0.0,
21add3de-0e1b-4fb9-b50e-60ad48424a13,Foot And Mouth Disease,ICD11_1F05,round2,,2021-10-24T00:00:00,country_IN,India,state_29,Karnataka,district_549,Udupi,0.0,0.0,,0.0,,,0.0,0.0,,0.0,0.0,0.0,
7ee2d92c-77bf-4c83-919f-5ddcea07744d,Foot And Mouth Disease,ICD11_1F05,round2,,2021-10-24T00:00:00,country_IN,India,state_29,Karnataka,district_527,Belagavi,0.0,0.0,,0.0,,,0.0,0.0,,0.0,0.0,0.0,
cd638bed-fd58-49bc-9a28-b15108cdf38b,Foot And Mouth Disease,ICD11_1F05,round2,,2021-10-24T00:00:00,country_IN,India,state_29,Karnataka,district_524,Bagalkote,0.0,0.0,,0.0,,,0.0,0.0,,0.0,0.0,0.0,
8c57e38a-5eea-42ad-8259-332587c1fd25,Foot And Mouth Disease,ICD11_1F05,round2,,2021-10-24T00:00:00,country_IN,India,state_29,Karnataka,district_536,Dharwad,0.0,0.0,,0.0,,,0.0,0.0,,0.0,0.0,0.0,
a6536870-6f49-4849-9191-5f4d6836e799,Foot And Mouth Disease,ICD11_1F05,round2,,2021-10-24T00:00:00,country_IN,India,state_29,Karnataka,district_537,Gadag,0.0,0.0,,0.0,,,0.0,0.0,,0.0,0.0,0.0,
fd2b3a67-947f-4bcb-b465-a4012159b80e,Foot And Mouth Disease,ICD11_1F05,round2,,2021-10-24T00:00:00,country_IN,India,state_29,Karnataka,district_540,Haveri,0.0,0.0,,0.0,,,0.0,0.0,,0.0,0.0,0.0,
5831bbb0-b463-48cf-843c-57e85be77763,Foot And Mouth Disease,ICD11_1F05,round2,,2021-10-24T00:00:00,country_IN,India,state_29,Karnataka,district_550,Uttara Kannada,0.0,0.0,,0.0,,,0.0,0.0,,0.0,0.0,0.0,
39840860-71c9-49f5-878c-3501983dbf74,Foot And Mouth Disease,ICD11_1F05,round2,,2021-10-24T00:00:00,country_IN,India,state_29,Karnataka,district_530,Vijayapura,0.0,0.0,,0.0,,,0.0,0.0,,0.0,0.0,0.0,
bd609c0a-6df0-472a-aa6a-717c91013021,Foot And Mouth Disease,ICD11_1F05,round2,2021-10-23T00:00:00,2021-10-24T00:00:00,country_IN,India,state_29,Karnataka,district_528,Ballari,11884.0,5805.0,,248.0,,,0.0,0.0,,6427.0,574.0,264.0,
c325bace-2eb2-41dd-9dc8-016939585959,Foot And Mouth Disease,ICD11_1F05,round2,2021-10-22T00:00:00,2021-10-24T00:00:00,country_IN,India,state_29,Karnataka,district_529,Bidar,1954.0,1367.0,,30.0,,,0.0,0.0,,1048.0,324.0,356.0,
8ea873f1-0256-45bd-b03f-01446926acab,Foot And Mouth Disease,ICD11_1F05,round2,,2021-10-24T00:00:00,country_IN,India,state_29,Karnataka,district_543,Koppal,0.0,0.0,,0.0,,,0.0,0.0,,0.0,0.0,0.0,
7fa676e7-bb15-41d3-89ad-4137790c9f70,Foot And Mouth Disease,ICD11_1F05,round2,2021-10-22T00:00:00,2021-10-24T00:00:00,country_IN,India,state_29,Karnataka,district_538,Kalaburagi,11146.0,1298.0,,89.0,,,0.0,0.0,,3612.0,1709.0,356.0,
576f0e9a-5db0-47cd-91c8-08a3ab4b9147,Foot And Mouth Disease,ICD11_1F05,round2,2021-10-23T00:00:00,2021-10-24T00:00:00,country_IN,India,state_29,Karnataka,district_546,Raichur,6120.0,1807.0,,29.0,,,0.0,0.0,,2686.0,229.0,25.0,
55ed9fa7-c56c-48ea-9930-43eae194dc2d,Foot And Mouth Disease,ICD11_1F05,round2,2021-10-23T00:00:00,2021-10-24T00:00:00,country_IN,India,state_29,Karnataka,district_635,Yadgir,732.0,83.0,,0.0,,,0.0,0.0,,76.0,0.0,0.0,
24c3640a-94b7-46ad-b060-6d9195875e1f,Foot And Mouth Disease,ICD11_1F05,round2,,2021-10-30T00:00:00,country_IN,India,state_29,Karnataka,district_525,Bengaluru Urban,0.0,0.0,,0.0,,,0.0,0.0,,,0.0,0.0,
e3f0f027-e223-492d-8fc9-65b4fab2e125,Foot And Mouth Disease,ICD11_1F05,round2,,2021-10-30T00:00:00,country_IN,India,state_29,Karnataka,district_526,Bengaluru Rural,0.0,0.0,,0.0,,,0.0,0.0,,,0.0,0.0,
69c20d5b-f5e8-49e7-a595-495d3c23c3db,Foot And Mouth Disease,ICD11_1F05,round2,2021-10-22T00:00:00,2021-10-30T00:00:00,country_IN,India,state_29,Karnataka,district_533,Chitradurga,9357.0,4680.0,,1180.0,,,0.0,0.0,,,13546.0,6454.0,
d979fd3f-edf2-454e-bfed-c33f70796b70,Foot And Mouth Disease,ICD11_1F05,round2,,2021-10-30T00:00:00,country_IN,India,state_29,Karnataka,district_630,Chikkaballapura,0.0,0.0,,0.0,,,0.0,0.0,,,0.0,0.0,
97a6768a-c185-41c8-97b5-98fd94fb7fbd,Foot And Mouth Disease,ICD11_1F05,round2,,2021-10-30T00:00:00,country_IN,India,state_29,Karnataka,district_535,Davangere,0.0,0.0,,0.0,,,0.0,0.0,,,0.0,0.0,
2a14e6d6-5579-4b4c-9c46-007e7da09f76,Foot And Mouth Disease,ICD11_1F05,round2,,2021-10-30T00:00:00,country_IN,India,state_29,Karnataka,district_542,Kolar,0.0,0.0,,0.0,,,0.0,0.0,,,0.0,0.0,
86c868f1-22a7-45f9-a4b3-777bf2b325b6,Foot And Mouth Disease,ICD11_1F05,round2,,2021-10-30T00:00:00,country_IN,India,state_29,Karnataka,district_631,Ramanagara,0.0,0.0,,0.0,,,0.0,0.0,,,0.0,0.0,
bbd3a2a2-fb5e-44c1-b201-6034f14bc6cf,Foot And Mouth Disease,ICD11_1F05,round2,,2021-10-30T00:00:00,country_IN,India,state_29,Karnataka,district_547,Shivamogga,0.0,0.0,,0.0,,,0.0,0.0,,,0.0,0.0,
d8af0b52-8dc5-4692-8c40-79ca79022d51,Foot And Mouth Disease,ICD11_1F05,round2,2021-10-23T00:00:00,2021-10-30T00:00:00,country_IN,India,state_29,Karnataka,district_548,Tumakuru,20350.0,5949.0,,399.0,,,7.0,0.0,,,13060.0,3570.0,
6bcf99f8-a62a-40fd-b34e-dd84d731665f,Foot And Mouth Disease,ICD11_1F05,round2,,2021-10-30T00:00:00,country_IN,India,state_29,Karnataka,district_531,Chamarajanagara,0.0,0.0,,0.0,,,0.0,0.0,,,0.0,0.0,
14c1a989-c55c-4a6b-b74d-9de3afce9a91,Foot And Mouth Disease,ICD11_1F05,round2,,2021-10-30T00:00:00,country_IN,India,state_29,Karnataka,district_532,Chikkamagaluru,0.0,0.0,,0.0,,,0.0,0.0,,,0.0,0.0,
23ddd462-6f82-4b48-bdbf-d38d8da2cc0b,Foot And Mouth Disease,ICD11_1F05,round2,,2021-10-30T00:00:00,country_IN,India,state_29,Karnataka,district_534,Dakshina Kannada,0.0,0.0,,0.0,,,0.0,0.0,,,0.0,0.0,
d86a6e45-610d-4d78-9e6e-3341e763182f,Foot And Mouth Disease,ICD11_1F05,round2,,2021-10-30T00:00:00,country_IN,India,state_29,Karnataka,district_539,Hassan,0.0,0.0,,0.0,,,0.0,0.0,,,0.0,0.0,
3c11780e-3efb-4f6d-8d9a-8b9b8983d903,Foot And Mouth Disease,ICD11_1F05,round2,,2021-10-30T00:00:00,country_IN,India,state_29,Karnataka,district_541,Kodagu,0.0,0.0,,0.0,,,0.0,0.0,,,0.0,0.0,
867b7b45-0434-4d69-9ff2-b7ee4b57f8df,Foot And Mouth Disease,ICD11_1F05,round2,,2021-10-30T00:00:00,country_IN,India,state_29,Karnataka,district_545,Mysuru,0.0,0.0,,0.0,,,0.0,0.0,,,0.0,0.0,
2de76fa8-bb37-4953-b53c-94b42f22c766,Foot And Mouth Disease,ICD11_1F05,round2,,2021-10-30T00:00:00,country_IN,India,state_29,Karnataka,district_544,Mandya,0.0,0.0,,0.0,,,0.0,0.0,,,0.0,0.0,
85272c49-c981-4d1f-9ad1-9be487a71828,Foot And Mouth Disease,ICD11_1F05,round2,,2021-10-30T00:00:00,country_IN,India,state_29,Karnataka,district_549,Udupi,0.0,0.0,,0.0,,,0.0,0.0,,,0.0,0.0,
b7d5123d-5e5a-4946-a82e-333a579bf013,Foot And Mouth Disease,ICD11_1F05,round2,,2021-10-30T00:00:00,country_IN,India,state_29,Karnataka,district_527,Belagavi,0.0,0.0,,0.0,,,0.0,0.0,,,0.0,0.0,
22403c25-5f70-4220-9abb-1e8c7d2d57c9,Foot And Mouth Disease,ICD11_1F05,round2,,2021-10-30T00:00:00,country_IN,India,state_29,Karnataka,district_524,Bagalkote,0.0,0.0,,0.0,,,0.0,0.0,,,0.0,0.0,
3c2cf08c-4640-42b2-8426-3339f90b450d,Foot And Mouth Disease,ICD11_1F05,round2,,2021-10-30T00:00:00,country_IN,India,state_29,Karnataka,district_536,Dharwad,0.0,0.0,,0.0,,,0.0,0.0,,,0.0,0.0,
8a1c4e30-3155-472a-a454-783290e1abfb,Foot And Mouth Disease,ICD11_1F05,round2,,2021-10-30T00:00:00,country_IN,India,state_29,Karnataka,district_537,Gadag,0.0,0.0,,0.0,,,0.0,0.0,,,0.0,0.0,
54f9cb47-70a7-41a9-b1a1-82c3c4246115,Foot And Mouth Disease,ICD11_1F05,round2,,2021-10-30T00:00:00,country_IN,India,state_29,Karnataka,district_540,Haveri,0.0,0.0,,0.0,,,0.0,0.0,,,0.0,0.0,
acb701cb-b5a6-4fe7-9e31-aaf884f1ea70,Foot And Mouth Disease,ICD11_1F05,round2,,2021-10-30T00:00:00,country_IN,India,state_29,Karnataka,district_550,Uttara Kannada,0.0,0.0,,0.0,,,0.0,0.0,,,0.0,0.0,
f3903417-94a9-4afc-a88b-90031f148b65,Foot And Mouth Disease,ICD11_1F05,round2,,2021-10-30T00:00:00,country_IN,India,state_29,Karnataka,district_530,Vijayapura,0.0,0.0,,0.0,,,0.0,0.0,,,0.0,0.0,
c34a866a-8bba-4d74-9ef6-e87bb74b4370,Foot And Mouth Disease,ICD11_1F05,round2,2021-10-23T00:00:00,2021-10-30T00:00:00,country_IN,India,state_29,Karnataka,district_528,Ballari,10416.0,6817.0,,151.0,,,0.0,0.0,,,3020.0,1437.0,
4dab2d2e-e372-4220-9215-535e5955d922,Foot And Mouth Disease,ICD11_1F05,round2,2021-10-22T00:00:00,2021-10-30T00:00:00,country_IN,India,state_29,Karnataka,district_529,Bidar,3896.0,3213.0,,13.0,,,0.0,0.0,,,1532.0,1203.0,
2167d9e4-64ac-48f1-96a5-605bf0bee720,Foot And Mouth Disease,ICD11_1F05,round2,,2021-10-30T00:00:00,country_IN,India,state_29,Karnataka,district_543,Koppal,0.0,0.0,,0.0,,,0.0,0.0,,,0.0,0.0,
9c0e66f1-63eb-4c68-8b82-897ddadefeca,Foot And Mouth Disease,ICD11_1F05,round2,2021-10-22T00:00:00,2021-10-30T00:00:00,country_IN,India,state_29,Karnataka,district_538,Kalaburagi,16693.0,3000.0,,38.0,,,0.0,0.0,,,4181.0,838.0,
fc219bbb-72bf-494b-9907-fe88ec24480b,Foot And Mouth Disease,ICD11_1F05,round2,2021-10-23T00:00:00,2021-10-30T00:00:00,country_IN,India,state_29,Karnataka,district_546,Raichur,5784.0,4023.0,,42.0,,,0.0,0.0,,,229.0,25.0,
6421c293-2ee3-4e0f-ad12-d28f210582ae,Foot And Mouth Disease,ICD11_1F05,round2,2021-10-23T00:00:00,2021-10-30T00:00:00,country_IN,India,state_29,Karnataka,district_635,Yadgir,7063.0,1908.0,,102.0,,,0.0,0.0,,,1351.0,192.0,
5ec20337-419a-43a7-b48d-1239d7870fed,Foot And Mouth Disease,ICD11_1F05,round2,,2021-10-23T00:00:00,country_IN,India,state_29,Karnataka,district_525,Bengaluru Urban,0.0,0.0,,0.0,0.0,,0.0,0.0,,0.0,0.0,0.0,
455db58b-d4ba-4db9-a1b9-f8041e74438a,Foot And Mouth Disease,ICD11_1F05,round2,,2021-10-23T00:00:00,country_IN,India,state_29,Karnataka,district_526,Bengaluru Rural,0.0,0.0,,0.0,0.0,,0.0,0.0,,0.0,0.0,0.0,
56080576-ec7b-4358-a04b-f90ac9151055,Foot And Mouth Disease,ICD11_1F05,round2,2021-10-22T00:00:00,2021-10-23T00:00:00,country_IN,India,state_29,Karnataka,district_533,Chitradurga,1461.0,759.0,,233.0,111.0,,0.0,0.0,,775.0,733.0,204.0,
d6e71826-5cc8-4389-9bc7-97e10f36b580,Foot And Mouth Disease,ICD11_1F05,round2,,2021-10-23T00:00:00,country_IN,India,state_29,Karnataka,district_630,Chikkaballapura,0.0,0.0,,0.0,0.0,,0.0,0.0,,0.0,0.0,0.0,
3562fa17-daa3-460c-9822-336b85e0b063,Foot And Mouth Disease,ICD11_1F05,round2,,2021-10-23T00:00:00,country_IN,India,state_29,Karnataka,district_535,Davangere,0.0,0.0,,0.0,0.0,,0.0,0.0,,0.0,0.0,0.0,
959437c5-d7b8-4d27-8051-91313a97bc5f,Foot And Mouth Disease,ICD11_1F05,round2,,2021-10-23T00:00:00,country_IN,India,state_29,Karnataka,district_542,Kolar,0.0,0.0,,0.0,0.0,,0.0,0.0,,0.0,0.0,0.0,
5821724f-0f44-4bae-8063-7845765d2457,Foot And Mouth Disease,ICD11_1F05,round2,,2021-10-23T00:00:00,country_IN,India,state_29,Karnataka,district_631,Ramanagara,0.0,0.0,,0.0,0.0,,0.0,0.0,,0.0,0.0,0.0,
cea57d87-1614-4578-a083-00292b854880,Foot And Mouth Disease,ICD11_1F05,round2,,2021-10-23T00:00:00,country_IN,India,state_29,Karnataka,district_547,Shivamogga,0.0,0.0,,0.0,0.0,,0.0,0.0,,0.0,0.0,0.0,
99c6ed2e-6666-4728-995c-91593e638935,Foot And Mouth Disease,ICD11_1F05,round2,2021-10-23T00:00:00,2021-10-23T00:00:00,country_IN,India,state_29,Karnataka,district_548,Tumakuru,4960.0,1446.0,,289.0,49.0,,0.0,0.0,,3501.0,535.0,168.0,
f07e8fbb-0378-4991-90d5-003bcf7566fb,Foot And Mouth Disease,ICD11_1F05,round2,,2021-10-23T00:00:00,country_IN,India,state_29,Karnataka,district_531,Chamarajanagara,0.0,0.0,,0.0,0.0,,0.0,0.0,,0.0,0.0,0.0,
d46f009a-eb16-4e2b-9c87-23a49403d9be,Foot And Mouth Disease,ICD11_1F05,round2,,2021-10-23T00:00:00,country_IN,India,state_29,Karnataka,district_532,Chikkamagaluru,0.0,0.0,,0.0,0.0,,0.0,0.0,,0.0,0.0,0.0,
fed64554-8dd5-47cb-9103-a7a8f19b36ee,Foot And Mouth Disease,ICD11_1F05,round2,,2021-10-23T00:00:00,country_IN,India,state_29,Karnataka,district_534,Dakshina Kannada,0.0,0.0,,0.0,0.0,,0.0,0.0,,0.0,0.0,0.0,
f225d1ec-8f24-4179-b9bd-f955a843a7c5,Foot And Mouth Disease,ICD11_1F05,round2,,2021-10-23T00:00:00,country_IN,India,state_29,Karnataka,district_539,Hassan,0.0,0.0,,0.0,0.0,,0.0,0.0,,0.0,0.0,0.0,
c07cf453-36e6-4813-8010-fbce4937bc9e,Foot And Mouth Disease,ICD11_1F05,round2,,2021-10-23T00:00:00,country_IN,India,state_29,Karnataka,district_541,Kodagu,0.0,0.0,,0.0,0.0,,0.0,0.0,,0.0,0.0,0.0,
db8e89c3-b727-4184-a5a7-14070a2d6022,Foot And Mouth Disease,ICD11_1F05,round2,,2021-10-23T00:00:00,country_IN,India,state_29,Karnataka,district_545,Mysuru,0.0,0.0,,0.0,0.0,,0.0,0.0,,0.0,0.0,0.0,
b931e056-d7de-44d2-947f-644fa2113b3c,Foot And Mouth Disease,ICD11_1F05,round2,,2021-10-23T00:00:00,country_IN,India,state_29,Karnataka,district_544,Mandya,0.0,0.0,,0.0,0.0,,0.0,0.0,,0.0,0.0,0.0,
ab5fd7ea-4a28-4a9a-8f36-82694d1f9e63,Foot And Mouth Disease,ICD11_1F05,round2,,2021-10-23T00:00:00,country_IN,India,state_29,Karnataka,district_549,Udupi,0.0,0.0,,0.0,0.0,,0.0,0.0,,0.0,0.0,0.0,
0883a45e-0eb0-4e3f-a308-b94043bde496,Foot And Mouth Disease,ICD11_1F05,round2,,2021-10-23T00:00:00,country_IN,India,state_29,Karnataka,district_527,Belagavi,0.0,0.0,,0.0,0.0,,0.0,0.0,,0.0,0.0,0.0,
c5aae4f2-7fbd-4cde-9796-d09251887949,Foot And Mouth Disease,ICD11_1F05,round2,,2021-10-23T00:00:00,country_IN,India,state_29,Karnataka,district_524,Bagalkote,0.0,0.0,,0.0,0.0,,0.0,0.0,,0.0,0.0,0.0,
f8dbae64-9b70-4a9f-be0e-4177df588a35,Foot And Mouth Disease,ICD11_1F05,round2,,2021-10-23T00:00:00,country_IN,India,state_29,Karnataka,district_536,Dharwad,0.0,0.0,,0.0,0.0,,0.0,0.0,,0.0,0.0,0.0,
38431f87-9605-4299-874c-3b0beff514d8,Foot And Mouth Disease,ICD11_1F05,round2,,2021-10-23T00:00:00,country_IN,India,state_29,Karnataka,district_537,Gadag,0.0,0.0,,0.0,0.0,,0.0,0.0,,0.0,0.0,0.0,
ad656723-867c-4f18-b0b0-f21b4ad34e8a,Foot And Mouth Disease,ICD11_1F05,round2,,2021-10-23T00:00:00,country_IN,India,state_29,Karnataka,district_540,Haveri,0.0,0.0,,0.0,0.0,,0.0,0.0,,0.0,0.0,0.0,
c957d993-25bc-453b-aff6-4ef22869d72e,Foot And Mouth Disease,ICD11_1F05,round2,,2021-10-23T00:00:00,country_IN,India,state_29,Karnataka,district_550,Uttara Kannada,0.0,0.0,,0.0,0.0,,0.0,0.0,,0.0,0.0,0.0,
3cf65aae-adce-49d1-8f73-9e1b770da8bb,Foot And Mouth Disease,ICD11_1F05,round2,,2021-10-23T00:00:00,country_IN,India,state_29,Karnataka,district_530,Vijayapura,0.0,0.0,,0.0,0.0,,0.0,0.0,,0.0,0.0,0.0,
ebec78e4-abae-41f5-aba2-67fcdf2a39d4,Foot And Mouth Disease,ICD11_1F05,round2,2021-10-23T00:00:00,2021-10-23T00:00:00,country_IN,India,state_29,Karnataka,district_528,Ballari,10274.0,4676.0,,93.0,39.0,,0.0,0.0,,5788.0,312.0,149.0,
50fbf948-015c-405b-a5ed-47ff4606caa6,Foot And Mouth Disease,ICD11_1F05,round2,2021-10-22T00:00:00,2021-10-23T00:00:00,country_IN,India,state_29,Karnataka,district_529,Bidar,3594.0,2549.0,,67.0,36.0,,0.0,0.0,,3509.0,129.0,155.0,
388dd41e-6c62-4c60-b6fe-d0cde9f0154d,Foot And Mouth Disease,ICD11_1F05,round2,,2021-10-23T00:00:00,country_IN,India,state_29,Karnataka,district_543,Koppal,0.0,0.0,,0.0,0.0,,0.0,0.0,,0.0,0.0,0.0,
5035d296-c7c1-416f-8573-9d5d67474ed4,Foot And Mouth Disease,ICD11_1F05,round2,2021-10-22T00:00:00,2021-10-23T00:00:00,country_IN,India,state_29,Karnataka,district_538,Kalaburagi,19034.0,2615.0,,87.0,26.0,,0.0,0.0,,6805.0,1265.0,261.0,
0463cabd-4b68-4dc6-9327-934e1b6f4138,Foot And Mouth Disease,ICD11_1F05,round2,2021-10-23T00:00:00,2021-10-23T00:00:00,country_IN,India,state_29,Karnataka,district_546,Raichur,5987.0,2081.0,,36.0,15.0,,0.0,0.0,,3557.0,217.0,18.0,
1696f329-1a76-4c4d-9a19-a1f667bbab47,Foot And Mouth Disease,ICD11_1F05,round2,2021-10-23T00:00:00,2021-10-23T00:00:00,country_IN,India,state_29,Karnataka,district_635,Yadgir,0.0,0.0,,0.0,0.0,,0.0,0.0,,0.0,0.0,0.0,
f6466385-05fc-4672-a17b-7e5cfac98f27,Foot And Mouth Disease,ICD11_1F05,round2,,2021-10-25T00:00:00,country_IN,India,state_29,Karnataka,district_525,Bengaluru Urban,0.0,0.0,,0.0,0.0,,0.0,0.0,,0.0,0.0,0.0,
112c5a7a-131d-4016-bf5d-e40bd28d1e8a,Foot And Mouth Disease,ICD11_1F05,round2,,2021-10-25T00:00:00,country_IN,India,state_29,Karnataka,district_526,Bengaluru Rural,0.0,0.0,,0.0,0.0,,0.0,0.0,,0.0,0.0,0.0,
4a8730d3-2950-420d-82ad-d9ebf05a8ea0,Foot And Mouth Disease,ICD11_1F05,round2,2021-10-22T00:00:00,2021-10-25T00:00:00,country_IN,India,state_29,Karnataka,district_533,Chitradurga,10699.0,4372.0,,1120.0,331.0,,0.0,0.0,,6519.0,3918.0,1379.0,
4c8e193e-e0ed-47f1-ae94-14b8368ef043,Foot And Mouth Disease,ICD11_1F05,round2,,2021-10-25T00:00:00,country_IN,India,state_29,Karnataka,district_630,Chikkaballapura,0.0,0.0,,0.0,0.0,,0.0,0.0,,0.0,0.0,0.0,
61947043-cffa-4c14-a7ef-59b8aca71490,Foot And Mouth Disease,ICD11_1F05,round2,,2021-10-25T00:00:00,country_IN,India,state_29,Karnataka,district_535,Davangere,0.0,0.0,,0.0,0.0,,0.0,0.0,,0.0,0.0,0.0,
87b8d1e8-9bc4-4093-99da-7c952498d51b,Foot And Mouth Disease,ICD11_1F05,round2,,2021-10-25T00:00:00,country_IN,India,state_29,Karnataka,district_542,Kolar,0.0,0.0,,0.0,0.0,,0.0,0.0,,0.0,0.0,0.0,
a92220fc-0be4-4703-97b7-2d484d2e8881,Foot And Mouth Disease,ICD11_1F05,round2,,2021-10-25T00:00:00,country_IN,India,state_29,Karnataka,district_631,Ramanagara,0.0,0.0,,0.0,0.0,,0.0,0.0,,0.0,0.0,0.0,
65898cd9-7304-433b-985f-90e6c1b74518,Foot And Mouth Disease,ICD11_1F05,round2,,2021-10-25T00:00:00,country_IN,India,state_29,Karnataka,district_547,Shivamogga,0.0,0.0,,0.0,0.0,,0.0,0.0,,0.0,0.0,0.0,
18a6d14a-647f-442d-aebf-ce5681ca259d,Foot And Mouth Disease,ICD11_1F05,round2,2021-10-23T00:00:00,2021-10-25T00:00:00,country_IN,India,state_29,Karnataka,district_548,Tumakuru,18130.0,4182.0,,456.0,76.0,,0.0,0.0,,10386.0,3217.0,947.0,
670e9b82-d5f8-4f92-bd5b-0325e8fb3c73,Foot And Mouth Disease,ICD11_1F05,round2,,2021-10-25T00:00:00,country_IN,India,state_29,Karnataka,district_531,Chamarajanagara,0.0,0.0,,0.0,0.0,,0.0,0.0,,0.0,0.0,0.0,
a8d1049e-01cd-4c09-bd3f-fb160f391bf0,Foot And Mouth Disease,ICD11_1F05,round2,,2021-10-25T00:00:00,country_IN,India,state_29,Karnataka,district_532,Chikkamagaluru,0.0,0.0,,0.0,0.0,,0.0,0.0,,0.0,0.0,0.0,
26661059-c1cd-4424-9e2b-57a0b5ebe044,Foot And Mouth Disease,ICD11_1F05,round2,,2021-10-25T00:00:00,country_IN,India,state_29,Karnataka,district_534,Dakshina Kannada,0.0,0.0,,0.0,0.0,,0.0,0.0,,0.0,0.0,0.0,
849bc90d-e693-435c-99b6-4fb746e69185,Foot And Mouth Disease,ICD11_1F05,round2,,2021-10-25T00:00:00,country_IN,India,state_29,Karnataka,district_539,Hassan,0.0,0.0,,0.0,0.0,,0.0,0.0,,0.0,0.0,0.0,
64b5ecb0-a58a-440f-a20d-db0196f7306c,Foot And Mouth Disease,ICD11_1F05,round2,,2021-10-25T00:00:00,country_IN,India,state_29,Karnataka,district_541,Kodagu,0.0,0.0,,0.0,0.0,,0.0,0.0,,0.0,0.0,0.0,
1a59cf5f-f3dd-45f8-a3a9-f7470510a179,Foot And Mouth Disease,ICD11_1F05,round2,,2021-10-25T00:00:00,country_IN,India,state_29,Karnataka,district_545,Mysuru,0.0,0.0,,0.0,0.0,,0.0,0.0,,0.0,0.0,0.0,
a30a0f4f-42f1-43ba-ae21-af9e8e81c92a,Foot And Mouth Disease,ICD11_1F05,round2,,2021-10-25T00:00:00,country_IN,India,state_29,Karnataka,district_544,Mandya,0.0,0.0,,0.0,0.0,,0.0,0.0,,0.0,0.0,0.0,
b7cdd766-20b9-4fe9-afeb-1d9d835b2c90,Foot And Mouth Disease,ICD11_1F05,round2,,2021-10-25T00:00:00,country_IN,India,state_29,Karnataka,district_549,Udupi,0.0,0.0,,0.0,0.0,,0.0,0.0,,0.0,0.0,0.0,
07081e4e-236b-4964-b62a-1e76c518cb7f,Foot And Mouth Disease,ICD11_1F05,round2,,2021-10-25T00:00:00,country_IN,India,state_29,Karnataka,district_527,Belagavi,0.0,0.0,,0.0,0.0,,0.0,0.0,,0.0,0.0,0.0,
5e26c644-4121-4b01-a167-484cebd9f585,Foot And Mouth Disease,ICD11_1F05,round2,,2021-10-25T00:00:00,country_IN,India,state_29,Karnataka,district_524,Bagalkote,0.0,0.0,,0.0,0.0,,0.0,0.0,,0.0,0.0,0.0,
712ce10d-f086-40dd-b5d2-23790bf9fcb7,Foot And Mouth Disease,ICD11_1F05,round2,,2021-10-25T00:00:00,country_IN,India,state_29,Karnataka,district_536,Dharwad,0.0,0.0,,0.0,0.0,,0.0,0.0,,0.0,0.0,0.0,
f9514617-1443-4d22-8ebc-95221433f441,Foot And Mouth Disease,ICD11_1F05,round2,,2021-10-25T00:00:00,country_IN,India,state_29,Karnataka,district_537,Gadag,0.0,0.0,,0.0,0.0,,0.0,0.0,,0.0,0.0,0.0,
9cf7b711-79de-41fd-a745-a71b5e6fee07,Foot And Mouth Disease,ICD11_1F05,round2,,2021-10-25T00:00:00,country_IN,India,state_29,Karnataka,district_540,Haveri,0.0,0.0,,0.0,0.0,,0.0,0.0,,0.0,0.0,0.0,
775b634c-176f-4886-aca8-4fbb1317d6fd,Foot And Mouth Disease,ICD11_1F05,round2,,2021-10-25T00:00:00,country_IN,India,state_29,Karnataka,district_550,Uttara Kannada,0.0,0.0,,0.0,0.0,,0.0,0.0,,0.0,0.0,0.0,
64160f84-0164-46f5-a633-d2951c7f17c2,Foot And Mouth Disease,ICD11_1F05,round2,,2021-10-25T00:00:00,country_IN,India,state_29,Karnataka,district_530,Vijayapura,0.0,0.0,,0.0,0.0,,0.0,0.0,,0.0,0.0,0.0,
ec6dcf22-e4ab-4a0c-8602-2099cf5ae0fe,Foot And Mouth Disease,ICD11_1F05,round2,2021-10-23T00:00:00,2021-10-25T00:00:00,country_IN,India,state_29,Karnataka,district_528,Ballari,12051.0,5264.0,,251.0,88.0,,3.0,0.0,,5842.0,778.0,332.0,
99415e6f-d8e5-4f49-a05f-fd16c11d048f,Foot And Mouth Disease,ICD11_1F05,round2,2021-10-22T00:00:00,2021-10-25T00:00:00,country_IN,India,state_29,Karnataka,district_529,Bidar,5293.0,3761.0,,75.0,59.0,,0.0,0.0,,4438.0,913.0,734.0,
0a803231-a785-4b37-a298-4af0f9b7612d,Foot And Mouth Disease,ICD11_1F05,round2,,2021-10-25T00:00:00,country_IN,India,state_29,Karnataka,district_543,Koppal,0.0,0.0,,0.0,0.0,,0.0,0.0,,0.0,0.0,0.0,
5cc3cf48-6070-40ae-80fe-90bb241e7a15,Foot And Mouth Disease,ICD11_1F05,round2,2021-10-22T00:00:00,2021-10-25T00:00:00,country_IN,India,state_29,Karnataka,district_538,Kalaburagi,20205.0,2887.0,,96.0,12.0,,0.0,0.0,,7359.0,2284.0,485.0,
10665065-6fa8-4278-b438-39af3630e770,Foot And Mouth Disease,ICD11_1F05,round2,2021-10-23T00:00:00,2021-10-25T00:00:00,country_IN,India,state_29,Karnataka,district_546,Raichur,11237.0,5354.0,,89.0,29.0,,0.0,0.0,,7739.0,229.0,25.0,
92df1fa0-7b20-46c1-9c90-72cd1d46b82e,Foot And Mouth Disease,ICD11_1F05,round2,2021-10-23T00:00:00,2021-10-25T00:00:00,country_IN,India,state_29,Karnataka,district_635,Yadgir,1751.0,289.0,,61.0,6.0,,0.0,0.0,,753.0,121.0,32.0,
02aefc33-99f8-45d7-8212-de1a49de12bd,Foot And Mouth Disease,ICD11_1F05,round2,,2021-10-28T00:00:00,country_IN,India,state_29,Karnataka,district_525,Bengaluru Urban,0.0,0.0,,0.0,,,0.0,0.0,,,0.0,0.0,
d215a58f-233a-484a-8bc7-5237b7ce0487,Foot And Mouth Disease,ICD11_1F05,round2,,2021-10-28T00:00:00,country_IN,India,state_29,Karnataka,district_526,Bengaluru Rural,0.0,0.0,,0.0,,,0.0,0.0,,,0.0,0.0,
7fdbd6ba-9748-4a05-9dd6-be6cb086827f,Foot And Mouth Disease,ICD11_1F05,round2,2021-10-22T00:00:00,2021-10-28T00:00:00,country_IN,India,state_29,Karnataka,district_533,Chitradurga,10979.0,5234.0,,851.0,,,3.0,0.0,,,9024.0,4062.0,
4fb2e5bf-d0b8-46f6-a13f-c0a2a7d18fcf,Foot And Mouth Disease,ICD11_1F05,round2,,2021-10-28T00:00:00,country_IN,India,state_29,Karnataka,district_630,Chikkaballapura,0.0,0.0,,0.0,,,0.0,0.0,,,0.0,0.0,
90a966e5-3a60-426e-b076-e3f500833817,Foot And Mouth Disease,ICD11_1F05,round2,,2021-10-28T00:00:00,country_IN,India,state_29,Karnataka,district_535,Davangere,0.0,0.0,,0.0,,,0.0,0.0,,,0.0,0.0,
fcd9d3f6-f145-426c-afca-212d9002b785,Foot And Mouth Disease,ICD11_1F05,round2,,2021-10-28T00:00:00,country_IN,India,state_29,Karnataka,district_542,Kolar,0.0,0.0,,0.0,,,0.0,0.0,,,0.0,0.0,
f3c5bd47-62a2-4558-8c3d-4aa451150d55,Foot And Mouth Disease,ICD11_1F05,round2,,2021-10-28T00:00:00,country_IN,India,state_29,Karnataka,district_631,Ramanagara,0.0,0.0,,0.0,,,0.0,0.0,,,0.0,0.0,
cebcc5c4-2c9c-4888-a50c-fe49f2c3728c,Foot And Mouth Disease,ICD11_1F05,round2,,2021-10-28T00:00:00,country_IN,India,state_29,Karnataka,district_547,Shivamogga,0.0,0.0,,0.0,,,0.0,0.0,,,0.0,0.0,
b6dde555-c441-4a63-8f80-067b5e1d3a1a,Foot And Mouth Disease,ICD11_1F05,round2,2021-10-23T00:00:00,2021-10-28T00:00:00,country_IN,India,state_29,Karnataka,district_548,Tumakuru,20611.0,5439.0,,494.0,,,0.0,0.0,,,9594.0,2675.0,
499af7d1-0ffd-4fef-9bb9-28979464a031,Foot And Mouth Disease,ICD11_1F05,round2,,2021-10-28T00:00:00,country_IN,India,state_29,Karnataka,district_531,Chamarajanagara,0.0,0.0,,0.0,,,0.0,0.0,,,0.0,0.0,
ab6a3928-1cba-4ff3-98ad-f607c0dbd888,Foot And Mouth Disease,ICD11_1F05,round2,,2021-10-28T00:00:00,country_IN,India,state_29,Karnataka,district_532,Chikkamagaluru,0.0,0.0,,0.0,,,0.0,0.0,,,0.0,0.0,
f64c06b2-8b46-40f7-aad4-3abe7b976bc3,Foot And Mouth Disease,ICD11_1F05,round2,,2021-10-28T00:00:00,country_IN,India,state_29,Karnataka,district_534,Dakshina Kannada,0.0,0.0,,0.0,,,0.0,0.0,,,0.0,0.0,
9c55e85e-aa39-4200-a549-452bde9599dc,Foot And Mouth Disease,ICD11_1F05,round2,,2021-10-28T00:00:00,country_IN,India,state_29,Karnataka,district_539,Hassan,0.0,0.0,,0.0,,,0.0,0.0,,,0.0,0.0,
44c21d61-3bd5-462a-82f6-ce43f83a0215,Foot And Mouth Disease,ICD11_1F05,round2,,2021-10-28T00:00:00,country_IN,India,state_29,Karnataka,district_541,Kodagu,0.0,0.0,,0.0,,,0.0,0.0,,,0.0,0.0,
46a0a369-29ca-4bdf-bdb2-ae2bb595e83f,Foot And Mouth Disease,ICD11_1F05,round2,,2021-10-28T00:00:00,country_IN,India,state_29,Karnataka,district_545,Mysuru,0.0,0.0,,0.0,,,0.0,0.0,,,0.0,0.0,
6ef4eea2-0c13-4eab-9a5c-166649f83075,Foot And Mouth Disease,ICD11_1F05,round2,,2021-10-28T00:00:00,country_IN,India,state_29,Karnataka,district_544,Mandya,0.0,0.0,,0.0,,,0.0,0.0,,,0.0,0.0,
fc1b6463-0105-41af-b355-89f619771200,Foot And Mouth Disease,ICD11_1F05,round2,,2021-10-28T00:00:00,country_IN,India,state_29,Karnataka,district_549,Udupi,0.0,0.0,,0.0,,,0.0,0.0,,,0.0,0.0,
f5e2c7d1-9a22-4c88-8759-652c45063eea,Foot And Mouth Disease,ICD11_1F05,round2,,2021-10-28T00:00:00,country_IN,India,state_29,Karnataka,district_527,Belagavi,0.0,0.0,,0.0,,,0.0,0.0,,,0.0,0.0,
00315a0b-dbb6-4291-a74a-cf39987e2dac,Foot And Mouth Disease,ICD11_1F05,round2,,2021-10-28T00:00:00,country_IN,India,state_29,Karnataka,district_524,Bagalkote,0.0,0.0,,0.0,,,0.0,0.0,,,0.0,0.0,
5b7249e3-92a4-4684-a76a-2fc92d872485,Foot And Mouth Disease,ICD11_1F05,round2,,2021-10-28T00:00:00,country_IN,India,state_29,Karnataka,district_536,Dharwad,0.0,0.0,,0.0,,,0.0,0.0,,,0.0,0.0,
e866845b-8c76-493d-a182-b8b1c9c9ec4b,Foot And Mouth Disease,ICD11_1F05,round2,,2021-10-28T00:00:00,country_IN,India,state_29,Karnataka,district_537,Gadag,0.0,0.0,,0.0,,,0.0,0.0,,,0.0,0.0,
2fabb2ae-1a2a-4833-ae82-2aeb64f61fd0,Foot And Mouth Disease,ICD11_1F05,round2,,2021-10-28T00:00:00,country_IN,India,state_29,Karnataka,district_540,Haveri,0.0,0.0,,0.0,,,0.0,0.0,,,0.0,0.0,
a474d2ab-d795-4542-8dd0-6f4bb1634f38,Foot And Mouth Disease,ICD11_1F05,round2,,2021-10-28T00:00:00,country_IN,India,state_29,Karnataka,district_550,Uttara Kannada,0.0,0.0,,0.0,,,0.0,0.0,,,0.0,0.0,
b0aaffc2-8be9-45e6-b0f7-7025b35eb09a,Foot And Mouth Disease,ICD11_1F05,round2,,2021-10-28T00:00:00,country_IN,India,state_29,Karnataka,district_530,Vijayapura,0.0,0.0,,0.0,,,0.0,0.0,,,0.0,0.0,
7347f03f-e254-43b4-a767-6586375973c8,Foot And Mouth Disease,ICD11_1F05,round2,2021-10-23T00:00:00,2021-10-28T00:00:00,country_IN,India,state_29,Karnataka,district_528,Ballari,11176.0,5963.0,,159.0,,,0.0,0.0,,,2340.0,1040.0,
a6820526-ba1e-4c5f-a7a3-1cbe6233c53c,Foot And Mouth Disease,ICD11_1F05,round2,2021-10-22T00:00:00,2021-10-28T00:00:00,country_IN,India,state_29,Karnataka,district_529,Bidar,7699.0,5764.0,,114.0,,,0.0,0.0,,,1305.0,1059.0,
9424a821-df5e-42ce-b70f-4c71520325c2,Foot And Mouth Disease,ICD11_1F05,round2,,2021-10-28T00:00:00,country_IN,India,state_29,Karnataka,district_543,Koppal,0.0,0.0,,0.0,,,0.0,0.0,,,0.0,0.0,
597881b2-2616-4a6a-9fa1-9c8c2d9e5ce2,Foot And Mouth Disease,ICD11_1F05,round2,2021-10-22T00:00:00,2021-10-28T00:00:00,country_IN,India,state_29,Karnataka,district_538,Kalaburagi,18418.0,2841.0,,58.0,,,0.0,0.0,,,3706.0,770.0,
44bbbb96-3ffb-4ab7-ad50-1bcf8b3b09b7,Foot And Mouth Disease,ICD11_1F05,round2,2021-10-23T00:00:00,2021-10-28T00:00:00,country_IN,India,state_29,Karnataka,district_546,Raichur,6425.0,3605.0,,58.0,,,0.0,0.0,,,229.0,25.0,
6fa73d49-4f24-499c-ab22-965acf03f832,Foot And Mouth Disease,ICD11_1F05,round2,2021-10-23T00:00:00,2021-10-28T00:00:00,country_IN,India,state_29,Karnataka,district_635,Yadgir,3935.0,1064.0,,41.0,,,4.0,1.0,,,541.0,103.0,
26842cc0-349d-43fe-a5e1-71c8b2edb0b7,Foot And Mouth Disease,ICD11_1F05,round2,,2021-10-26T00:00:00,country_IN,India,state_29,Karnataka,district_525,Bengaluru Urban,0.0,0.0,,0.0,,,0.0,0.0,,,0.0,0.0,
b4ecf80e-2b77-4cd1-be2a-38ed4cac4a4a,Foot And Mouth Disease,ICD11_1F05,round2,,2021-10-26T00:00:00,country_IN,India,state_29,Karnataka,district_526,Bengaluru Rural,0.0,0.0,,0.0,,,0.0,0.0,,,0.0,0.0,
43facbcf-e015-4f62-9cb4-2c81384edf2f,Foot And Mouth Disease,ICD11_1F05,round2,2021-10-22T00:00:00,2021-10-26T00:00:00,country_IN,India,state_29,Karnataka,district_533,Chitradurga,12724.0,5362.0,,1049.0,,,0.0,0.0,,,5730.0,2116.0,
c5d65946-7922-4001-8907-0f8173a91a29,Foot And Mouth Disease,ICD11_1F05,round2,,2021-10-26T00:00:00,country_IN,India,state_29,Karnataka,district_630,Chikkaballapura,0.0,0.0,,0.0,,,0.0,0.0,,,0.0,0.0,
5c25b41a-23ef-4e35-bf6e-8533590e1abb,Foot And Mouth Disease,ICD11_1F05,round2,,2021-10-26T00:00:00,country_IN,India,state_29,Karnataka,district_535,Davangere,0.0,0.0,,0.0,,,0.0,0.0,,,0.0,0.0,
a56f63c4-aae7-4872-8b0c-d5c2631bb0aa,Foot And Mouth Disease,ICD11_1F05,round2,,2021-10-26T00:00:00,country_IN,India,state_29,Karnataka,district_542,Kolar,0.0,0.0,,0.0,,,0.0,0.0,,,0.0,0.0,
445770aa-7b26-46c5-afc2-84a02d29acf1,Foot And Mouth Disease,ICD11_1F05,round2,,2021-10-26T00:00:00,country_IN,India,state_29,Karnataka,district_631,Ramanagara,0.0,0.0,,0.0,,,0.0,0.0,,,0.0,0.0,
2e2dab00-e945-4767-8d34-eedfd8925245,Foot And Mouth Disease,ICD11_1F05,round2,,2021-10-26T00:00:00,country_IN,India,state_29,Karnataka,district_547,Shivamogga,0.0,0.0,,0.0,,,0.0,0.0,,,0.0,0.0,
a5bae9b6-c206-411b-b3b3-08a43fe5badc,Foot And Mouth Disease,ICD11_1F05,round2,2021-10-23T00:00:00,2021-10-26T00:00:00,country_IN,India,state_29,Karnataka,district_548,Tumakuru,18610.0,4803.0,,401.0,,,0.0,0.0,,,5375.0,1531.0,
df6d7242-a87c-48c3-9595-dc8665ec27c9,Foot And Mouth Disease,ICD11_1F05,round2,,2021-10-26T00:00:00,country_IN,India,state_29,Karnataka,district_531,Chamarajanagara,0.0,0.0,,0.0,,,0.0,0.0,,,0.0,0.0,
27032d80-e546-4992-a722-130076f3a830,Foot And Mouth Disease,ICD11_1F05,round2,,2021-10-26T00:00:00,country_IN,India,state_29,Karnataka,district_532,Chikkamagaluru,0.0,0.0,,0.0,,,0.0,0.0,,,0.0,0.0,
e1ae937d-daff-4d15-8b6e-57e8e601ea4c,Foot And Mouth Disease,ICD11_1F05,round2,,2021-10-26T00:00:00,country_IN,India,state_29,Karnataka,district_534,Dakshina Kannada,0.0,0.0,,0.0,,,0.0,0.0,,,0.0,0.0,
65bc8211-0b5d-445d-8432-f6852382e593,Foot And Mouth Disease,ICD11_1F05,round2,,2021-10-26T00:00:00,country_IN,India,state_29,Karnataka,district_539,Hassan,0.0,0.0,,0.0,,,0.0,0.0,,,0.0,0.0,
41145668-4e84-4544-a955-8092ab4557dc,Foot And Mouth Disease,ICD11_1F05,round2,,2021-10-26T00:00:00,country_IN,India,state_29,Karnataka,district_541,Kodagu,0.0,0.0,,0.0,,,0.0,0.0,,,0.0,0.0,
da15acdd-ebb9-4244-8043-983b61cbb1d3,Foot And Mouth Disease,ICD11_1F05,round2,,2021-10-26T00:00:00,country_IN,India,state_29,Karnataka,district_545,Mysuru,0.0,0.0,,0.0,,,0.0,0.0,,,0.0,0.0,
868c3aea-3230-4883-b521-a1bbccabb976,Foot And Mouth Disease,ICD11_1F05,round2,,2021-10-26T00:00:00,country_IN,India,state_29,Karnataka,district_544,Mandya,0.0,0.0,,0.0,,,0.0,0.0,,,0.0,0.0,
1fa4b088-ad1e-4cb2-b2da-63409dd316ee,Foot And Mouth Disease,ICD11_1F05,round2,,2021-10-26T00:00:00,country_IN,India,state_29,Karnataka,district_549,Udupi,0.0,0.0,,0.0,,,0.0,0.0,,,0.0,0.0,
116d0635-0ff6-45cf-8ad3-992bb6640c64,Foot And Mouth Disease,ICD11_1F05,round2,,2021-10-26T00:00:00,country_IN,India,state_29,Karnataka,district_527,Belagavi,0.0,0.0,,0.0,,,0.0,0.0,,,0.0,0.0,
e64e5491-cf7a-41d9-b3d0-cf5e6f074a9a,Foot And Mouth Disease,ICD11_1F05,round2,,2021-10-26T00:00:00,country_IN,India,state_29,Karnataka,district_524,Bagalkote,0.0,0.0,,0.0,,,0.0,0.0,,,0.0,0.0,
0284ddc3-13fc-4334-98fc-5613257b9cf8,Foot And Mouth Disease,ICD11_1F05,round2,,2021-10-26T00:00:00,country_IN,India,state_29,Karnataka,district_536,Dharwad,0.0,0.0,,0.0,,,0.0,0.0,,,0.0,0.0,
c9c82ebc-35e8-43af-9f40-4cda4f6af131,Foot And Mouth Disease,ICD11_1F05,round2,,2021-10-26T00:00:00,country_IN,India,state_29,Karnataka,district_537,Gadag,0.0,0.0,,0.0,,,0.0,0.0,,,0.0,0.0,
fd459be4-9e06-4a66-972f-6a928549151d,Foot And Mouth Disease,ICD11_1F05,round2,,2021-10-26T00:00:00,country_IN,India,state_29,Karnataka,district_540,Haveri,0.0,0.0,,0.0,,,0.0,0.0,,,0.0,0.0,
0f073908-f2ed-4156-9b4a-836622f63fbe,Foot And Mouth Disease,ICD11_1F05,round2,,2021-10-26T00:00:00,country_IN,India,state_29,Karnataka,district_550,Uttara Kannada,0.0,0.0,,0.0,,,0.0,0.0,,,0.0,0.0,
fcd4de64-28f6-47ac-b5b6-a6d9e6e8e3cb,Foot And Mouth Disease,ICD11_1F05,round2,,2021-10-26T00:00:00,country_IN,India,state_29,Karnataka,district_530,Vijayapura,0.0,0.0,,0.0,,,0.0,0.0,,,0.0,0.0,
ef3b79d8-2917-409f-a469-30f6bcbe05b8,Foot And Mouth Disease,ICD11_1F05,round2,2021-10-23T00:00:00,2021-10-26T00:00:00,country_IN,India,state_29,Karnataka,district_528,Ballari,13944.0,6023.0,,286.0,,,0.0,0.0,,,1204.0,514.0,
a42d7d13-4fff-4ef3-a2a1-7385c89dd84c,Foot And Mouth Disease,ICD11_1F05,round2,2021-10-22T00:00:00,2021-10-26T00:00:00,country_IN,India,state_29,Karnataka,district_529,Bidar,4972.0,3351.0,,70.0,,,0.0,0.0,,,1002.0,833.0,
2baf392f-18c4-47ba-aa1f-ddccc048496b,Foot And Mouth Disease,ICD11_1F05,round2,,2021-10-26T00:00:00,country_IN,India,state_29,Karnataka,district_543,Koppal,0.0,0.0,,0.0,,,0.0,0.0,,,0.0,0.0,
29ca75e8-5e78-42a9-87e5-51565bad51b3,Foot And Mouth Disease,ICD11_1F05,round2,2021-10-22T00:00:00,2021-10-26T00:00:00,country_IN,India,state_29,Karnataka,district_538,Kalaburagi,23831.0,3869.0,,98.0,,,0.0,0.0,,,2921.0,626.0,
fa54b18f-7b5d-420c-8fcf-c48a497819c6,Foot And Mouth Disease,ICD11_1F05,round2,2021-10-23T00:00:00,2021-10-26T00:00:00,country_IN,India,state_29,Karnataka,district_546,Raichur,7808.0,2805.0,,42.0,,,0.0,0.0,,,229.0,25.0,
f90ef4ec-b01d-42d7-b9cc-59495a192534,Foot And Mouth Disease,ICD11_1F05,round2,2021-10-23T00:00:00,2021-10-26T00:00:00,country_IN,India,state_29,Karnataka,district_635,Yadgir,2947.0,690.0,,299.0,,,0.0,0.0,,,258.0,45.0,
