metadata.diseaseName,metadata.year,state.name,state.ID,sero.sample,sero.positive.pct,sero.test,sero.cattle.sample,sero.cattle.positive.pct,sero.buffalo.sample,sero.buffalo.positive.pct
FOOT AND MOUTH DISEASE,2013,Karnataka,state_29,2991.0,21.1,DIVA,,,,
FOOT AND MOUTH DISEASE,2013,Tamil Nadu,state_33,3050.0,20.0,DIVA,,,,
FOOT AND MOUTH DISEASE,2013,Madhya Pradesh,state_23,4558.0,29.3,DIVA,,,,
FOOT AND MOUTH DISEASE,2013,Gujarat,state_24,2500.0,60.5,DIVA,,,,
FOOT AND MOUTH DISEASE,2013,Andhra Pradesh,state_28,2186.0,42.8,DIVA,,,,
FOOT AND MOUTH DISEASE,2013,Kerala,state_32,1260.0,44.4,DIVA,,,,
FOOT AND MOUTH DISEASE,2013,Rajasthan,state_8,5600.0,37.4,DIVA,,,,
FOOT AND MOUTH DISEASE,2013,Himachal Pradesh,state_2,1200.0,12.8,DIVA,,,,
FOOT AND MOUTH DISEASE,2013,Uttar Pradesh,state_9,1023.0,56.4,DIVA,,,,
FOOT AND MOUTH DISEASE,2013,Uttarakhand,state_5,447.0,32.0,DIVA,,,,
FOOT AND MOUTH DISEASE,2013,Haryana,state_6,4200.0,2.1,DIVA,,,,
FOOT AND MOUTH DISEASE,2013,Jharkhand,state_20,556.0,33.8,DIVA,,,,
FOOT AND MOUTH DISEASE,2013,Odisha,state_21,3326.0,41.5,DIVA,,,,
FOOT AND MOUTH DISEASE,2013,Andaman And Nicobar Islands,ut_35,1139.0,9.2,DIVA,,,,
FOOT AND MOUTH DISEASE,2013,Tripura,state_16,1146.0,8.3,DIVA,,,,
FOOT AND MOUTH DISEASE,2013,Nagaland,state_13,3027.0,32.28,DIVA,,,,
FOOT AND MOUTH DISEASE,2013,Mizoram,state_15,550.0,7.45,DIVA,,,,
FOOT AND MOUTH DISEASE,2013,Manipur,state_14,900.0,28.3,DIVA,,,,
FOOT AND MOUTH DISEASE,2013,Arunachal Pradesh,state_12,891.0,28.84,DIVA,,,,
FOOT AND MOUTH DISEASE,2013,Assam,state_18,2600.0,17.7,DIVA,,,,
FOOT AND MOUTH DISEASE,2013,Delhi,ut_7,200.0,5.0,DIVA,,,,
FOOT AND MOUTH DISEASE,2013,Punjab,state_3,1900.0,12.1,DIVA,,,,
FOOT AND MOUTH DISEASE,2013,Jammu And Kashmir,ut_1,1401.0,18.6,DIVA,,,,
FOOT AND MOUTH DISEASE,2013,Maharashtra,state_27,2962.0,48.4,DIVA,,,,
FOOT AND MOUTH DISEASE,2013,West Bengal,state_19,360.0,32.5,DIVA,,,,
FOOT AND MOUTH DISEASE,2013,Bihar,state_10,2251.0,36.4,DIVA,,,,
FOOT AND MOUTH DISEASE,2014,Andhra Pradesh,state_28,4400.0,30.5,DIVA,,,,
FOOT AND MOUTH DISEASE,2014,Gujarat,state_24,5000.0,17.56,DIVA,,,,
FOOT AND MOUTH DISEASE,2014,Odisha,state_21,3191.0,33.15,DIVA,,,,
FOOT AND MOUTH DISEASE,2014,Chhattisgarh,state_22,248.0,63.71,DIVA,,,,
FOOT AND MOUTH DISEASE,2014,Rajasthan,state_8,6147.0,26.58,DIVA,,,,
FOOT AND MOUTH DISEASE,2014,Madhya Pradesh,state_23,8430.0,25.67,DIVA,,,,
FOOT AND MOUTH DISEASE,2014,Arunachal Pradesh,state_12,85.0,14.12,DIVA,,,,
FOOT AND MOUTH DISEASE,2014,Assam,state_18,2258.0,19.35,DIVA,,,,
FOOT AND MOUTH DISEASE,2014,Punjab,state_3,1900.0,9.73,DIVA,,,,
FOOT AND MOUTH DISEASE,2014,Jammu And Kashmir,ut_1,1260.0,30.39,DIVA,,,,
FOOT AND MOUTH DISEASE,2014,Himachal Pradesh,state_2,2400.0,13.42,DIVA,,,,
FOOT AND MOUTH DISEASE,2014,Uttar Pradesh,state_9,1959.0,45.89,DIVA,,,,
FOOT AND MOUTH DISEASE,2014,Uttarakhand,state_5,990.0,41.21,DIVA,,,,
FOOT AND MOUTH DISEASE,2014,Manipur,state_14,1800.0,13.0,DIVA,,,,
FOOT AND MOUTH DISEASE,2014,Haryana,state_6,3810.0,5.51,DIVA,,,,
FOOT AND MOUTH DISEASE,2014,Karnataka,state_29,6002.0,33.22,DIVA,,,,
FOOT AND MOUTH DISEASE,2014,Kerala,state_32,1981.0,6.87,DIVA,,,,
FOOT AND MOUTH DISEASE,2014,Tamil Nadu,state_33,6400.0,24.26,DIVA,,,,
FOOT AND MOUTH DISEASE,2014,Andaman And Nicobar Islands,ut_35,540.0,5.0,DIVA,,,,
FOOT AND MOUTH DISEASE,2014,Bihar,state_10,540.0,34.81,DIVA,,,,
FOOT AND MOUTH DISEASE,2014,West Bengal,state_19,1038.0,17.73,DIVA,,,,
FOOT AND MOUTH DISEASE,2014,Maharashtra,state_27,4217.0,28.26,DIVA,,,,
FOOT AND MOUTH DISEASE,2014,Nagaland,state_13,887.0,33.7,DIVA,,,,
FOOT AND MOUTH DISEASE,2014,Mizoram,state_15,1710.0,9.76,DIVA,,,,
FOOT AND MOUTH DISEASE,2014,Tripura,state_16,1755.0,4.27,DIVA,,,,
FOOT AND MOUTH DISEASE,2015,Arunachal Pradesh,state_12,708.0,47.18,DIVA,,,,
FOOT AND MOUTH DISEASE,2015,Rajasthan,state_8,2700.0,38.11,DIVA,,,,
FOOT AND MOUTH DISEASE,2015,Andaman And Nicobar Islands,ut_35,420.0,2.14,DIVA,,,,
FOOT AND MOUTH DISEASE,2015,Tripura,state_16,1146.0,3.75,DIVA,,,,
FOOT AND MOUTH DISEASE,2015,Mizoram,state_15,800.0,6.88,DIVA,,,,
FOOT AND MOUTH DISEASE,2015,Odisha,state_21,4103.0,19.3,DIVA,,,,
FOOT AND MOUTH DISEASE,2015,Haryana,state_6,2100.0,9.0,DIVA,,,,
FOOT AND MOUTH DISEASE,2015,Uttarakhand,state_5,956.0,32.85,DIVA,,,,
FOOT AND MOUTH DISEASE,2015,Uttar Pradesh,state_9,8050.0,18.86,DIVA,,,,
FOOT AND MOUTH DISEASE,2015,Himachal Pradesh,state_2,2400.0,10.88,DIVA,,,,
FOOT AND MOUTH DISEASE,2015,Gujarat,state_24,4180.0,39.64,DIVA,,,,
FOOT AND MOUTH DISEASE,2015,Maharashtra,state_27,1389.0,20.37,DIVA,,,,
FOOT AND MOUTH DISEASE,2015,West Bengal,state_19,4023.0,17.3,DIVA,,,,
FOOT AND MOUTH DISEASE,2015,Assam,state_18,2965.0,16.69,DIVA,,,,
FOOT AND MOUTH DISEASE,2015,Punjab,state_3,3744.0,9.08,DIVA,,,,
FOOT AND MOUTH DISEASE,2015,Jammu And Kashmir,ut_1,1600.0,27.38,DIVA,,,,
FOOT AND MOUTH DISEASE,2015,Madhya Pradesh,state_23,7823.0,20.34,DIVA,,,,
FOOT AND MOUTH DISEASE,2015,Telangana,state_36,1800.0,33.78,DIVA,,,,
FOOT AND MOUTH DISEASE,2015,Karnataka,state_29,6006.0,34.15,DIVA,,,,
FOOT AND MOUTH DISEASE,2015,Tamil Nadu,state_33,6400.0,27.23,DIVA,,,,
FOOT AND MOUTH DISEASE,2016,Assam,state_18,870.0,37.1,DIVA,,,,
FOOT AND MOUTH DISEASE,2016,Madhya Pradesh,state_23,9484.0,20.3,DIVA,,,,
FOOT AND MOUTH DISEASE,2016,Rajasthan,state_8,2340.0,35.73,DIVA,,,,
FOOT AND MOUTH DISEASE,2016,Gujarat,state_24,2800.0,20.86,DIVA,,,,
FOOT AND MOUTH DISEASE,2016,Maharashtra,state_27,4467.0,25.88,DIVA,,,,
FOOT AND MOUTH DISEASE,2016,Manipur,state_14,1800.0,12.6,DIVA,,,,
FOOT AND MOUTH DISEASE,2016,Mizoram,state_15,760.0,14.2,DIVA,,,,
FOOT AND MOUTH DISEASE,2016,Tripura,state_16,900.0,3.1,DIVA,,,,
FOOT AND MOUTH DISEASE,2016,Andaman And Nicobar Islands,ut_35,939.0,0.9,DIVA,,,,
FOOT AND MOUTH DISEASE,2016,Uttar Pradesh,state_9,9040.0,15.8,DIVA,,,,
FOOT AND MOUTH DISEASE,2016,Himachal Pradesh,state_2,1598.0,8.2,DIVA,,,,
FOOT AND MOUTH DISEASE,2016,Punjab,state_3,2021.0,9.9,DIVA,,,,
FOOT AND MOUTH DISEASE,2016,Telangana,state_36,1800.0,9.0,DIVA,,,,
FOOT AND MOUTH DISEASE,2016,Andhra Pradesh,state_28,2600.0,22.5,DIVA,,,,
FOOT AND MOUTH DISEASE,2016,Karnataka,state_29,5973.0,30.8,DIVA,,,,
FOOT AND MOUTH DISEASE,2016,Tamil Nadu,state_33,6000.0,27.7,DIVA,,,,
FOOT AND MOUTH DISEASE,2016,Kerala,state_32,2520.0,17.5,DIVA,,,,
FOOT AND MOUTH DISEASE,2016,West Bengal,state_19,2492.0,33.7,DIVA,,,,
FOOT AND MOUTH DISEASE,2016,Odisha,state_21,1721.0,33.6,DIVA,,,,
FOOT AND MOUTH DISEASE,2016,Haryana,state_6,217.0,57.6,DIVA,,,,
FOOT AND MOUTH DISEASE,2016,Uttarakhand,state_5,599.0,14.0,DIVA,,,,
FOOT AND MOUTH DISEASE,2017,Maharashtra,state_27,2807.0,5.9,DIVA,,,,
FOOT AND MOUTH DISEASE,2017,West Bengal,state_19,525.0,31.0,DIVA,,,,
FOOT AND MOUTH DISEASE,2017,Tamil Nadu,state_33,6400.0,25.3,DIVA,,,,
FOOT AND MOUTH DISEASE,2017,Telangana,state_36,900.0,1.6,DIVA,,,,
FOOT AND MOUTH DISEASE,2017,Rajasthan,state_8,3510.0,28.6,DIVA,,,,
FOOT AND MOUTH DISEASE,2017,Madhya Pradesh,state_23,10142.0,18.0,DIVA,,,,
FOOT AND MOUTH DISEASE,2017,Himachal Pradesh,state_2,2210.0,26.7,DIVA,,,,
FOOT AND MOUTH DISEASE,2017,Uttar Pradesh,state_9,2510.0,10.0,DIVA,,,,
FOOT AND MOUTH DISEASE,2017,Andaman And Nicobar Islands,ut_35,463.0,1.3,DIVA,,,,
FOOT AND MOUTH DISEASE,2017,Mizoram,state_15,800.0,9.9,DIVA,,,,
FOOT AND MOUTH DISEASE,2017,Manipur,state_14,1800.0,13.0,DIVA,,,,
FOOT AND MOUTH DISEASE,2017,Assam,state_18,1726.0,19.0,DIVA,,,,
FOOT AND MOUTH DISEASE,2017,Punjab,state_3,2044.0,9.5,DIVA,,,,
FOOT AND MOUTH DISEASE,2017,Jammu And Kashmir,ut_1,1710.0,18.4,DIVA,,,,
FOOT AND MOUTH DISEASE,2017,Odisha,state_21,2700.0,62.1,DIVA,,,,
FOOT AND MOUTH DISEASE,2017,Jharkhand,state_20,555.0,56.2,DIVA,,,,
FOOT AND MOUTH DISEASE,2017,Uttarakhand,state_5,1078.0,7.0,DIVA,,,,
FOOT AND MOUTH DISEASE,2017,Haryana,state_6,130.0,32.3,DIVA,,,,
FOOT AND MOUTH DISEASE,2018,Madhya Pradesh,state_23,9280.0,16.2,DIVA,,,,
FOOT AND MOUTH DISEASE,2018,Kerala,state_32,1500.0,4.94,DIVA,,,,
FOOT AND MOUTH DISEASE,2018,Uttar Pradesh,state_9,4315.0,9.4,DIVA,,,,
FOOT AND MOUTH DISEASE,2018,Haryana,state_6,1700.0,8.12,DIVA,,,,
FOOT AND MOUTH DISEASE,2018,Meghalaya,state_17,86.0,30.23,DIVA,,,,
FOOT AND MOUTH DISEASE,2018,Andaman And Nicobar Islands,ut_35,82.0,11.12,DIVA,,,,
FOOT AND MOUTH DISEASE,2018,Gujarat,state_24,5200.0,42.0,DIVA,,,,
FOOT AND MOUTH DISEASE,2018,Maharashtra,state_27,2976.0,3.7,DIVA,,,,
FOOT AND MOUTH DISEASE,2018,West Bengal,state_19,1994.0,51.79,DIVA,,,,
FOOT AND MOUTH DISEASE,2018,Odisha,state_21,1014.0,44.86,DIVA,,,,
FOOT AND MOUTH DISEASE,2018,Assam,state_18,730.0,20.41,DIVA,,,,
FOOT AND MOUTH DISEASE,2018,Punjab,state_3,3788.0,10.19,DIVA,,,,
FOOT AND MOUTH DISEASE,2018,Jammu And Kashmir,ut_1,1800.0,24.55,DIVA,,,,
FOOT AND MOUTH DISEASE,2018,Himachal Pradesh,state_2,346.0,19.9,DIVA,,,,
FOOT AND MOUTH DISEASE,2018,Karnataka,state_29,5979.0,23.0,DIVA,,,,
FOOT AND MOUTH DISEASE,2018,Andhra Pradesh,state_28,2600.0,1.654,DIVA,,,,
FOOT AND MOUTH DISEASE,2018,Telangana,state_36,1695.0,1.0,DIVA,,,,
FOOT AND MOUTH DISEASE,2018,Tamil Nadu,state_33,6400.0,29.98,DIVA,,,,
FOOT AND MOUTH DISEASE,2019,Assam,state_18,503.0,9.34,DIVA,,,,
FOOT AND MOUTH DISEASE,2019,Jammu And Kashmir,ut_1,1620.0,16.2,DIVA,,,,
FOOT AND MOUTH DISEASE,2019,Himachal Pradesh,state_2,720.0,13.0,DIVA,,,,
FOOT AND MOUTH DISEASE,2019,Haryana,state_6,2450.0,7.3,DIVA,,,,
FOOT AND MOUTH DISEASE,2019,Madhya Pradesh,state_23,6340.0,14.6,DIVA,,,,
FOOT AND MOUTH DISEASE,2019,Tamil Nadu,state_33,6400.0,22.2,DIVA,,,,
FOOT AND MOUTH DISEASE,2019,Telangana,state_36,1800.0,3.4,DIVA,,,,
FOOT AND MOUTH DISEASE,2019,Maharashtra,state_27,2988.0,26.8,DIVA,,,,
FOOT AND MOUTH DISEASE,2019,Odisha,state_21,601.0,27.5,DIVA,,,,
FOOT AND MOUTH DISEASE,2019,West Bengal,state_19,1413.0,31.6,DIVA,,,,
FOOT AND MOUTH DISEASE,2019,Gujarat,state_24,5150.0,38.0,DIVA,,,,
FOOT AND MOUTH DISEASE,2019,Andaman And Nicobar Islands,ut_35,428.0,0.46,DIVA,,,,
FOOT AND MOUTH DISEASE,2020,Telangana,state_36,334.0,0.59,DIVA,,,,
FOOT AND MOUTH DISEASE,2020,Andaman And Nicobar Islands,ut_35,200.0,3.5,DIVA,,,,
FOOT AND MOUTH DISEASE,2020,Madhya Pradesh,state_23,3120.0,13.5,DIVA,,,,
FOOT AND MOUTH DISEASE,2020,Gujarat,state_24,1977.0,12.8,DIVA,,,,
FOOT AND MOUTH DISEASE,2020,Maharashtra,state_27,9417.0,21.32,DIVA,,,,
FOOT AND MOUTH DISEASE,2020,Odisha,state_21,2144.0,29.66,DIVA,,,,
FOOT AND MOUTH DISEASE,2020,West Bengal,state_19,540.0,36.11,DIVA,,,,
FOOT AND MOUTH DISEASE,2020,Haryana,state_6,3930.0,4.4,DIVA,,,,
FOOT AND MOUTH DISEASE,2020,Jammu And Kashmir,ut_1,1080.0,16.11,DIVA,,,,
FOOT AND MOUTH DISEASE,2020,Mizoram,state_15,1260.0,21.11,DIVA,,,,
FOOT AND MOUTH DISEASE,2020,Punjab,state_3,4282.0,10.43,DIVA,,,,
FOOT AND MOUTH DISEASE,2021,Karnataka,state_29,2099.0,20.72,DIVA,,,,
FOOT AND MOUTH DISEASE,2021,Gujarat,state_24,5260.0,9.98,DIVA,,,,
FOOT AND MOUTH DISEASE,2021,Himachal Pradesh,state_2,3420.0,19.23,DIVA,,,,
FOOT AND MOUTH DISEASE,2021,Jammu And Kashmir,ut_1,2423.0,26.37,DIVA,,,,
FOOT AND MOUTH DISEASE,2021,Jharkhand,state_20,825.0,16.61,DIVA,,,,
FOOT AND MOUTH DISEASE,2021,Andaman And Nicobar Islands,ut_35,728.0,3.84,DIVA,,,,
FOOT AND MOUTH DISEASE,2021,Arunachal Pradesh,state_12,136.0,11.0,DIVA,,,,
FOOT AND MOUTH DISEASE,2021,Assam,state_18,8151.0,21.22,DIVA,,,,
FOOT AND MOUTH DISEASE,2021,Chhattisgarh,state_22,3668.0,14.99,DIVA,,,,
FOOT AND MOUTH DISEASE,2021,Uttar Pradesh,state_9,9379.0,11.65,DIVA,,,,
FOOT AND MOUTH DISEASE,2021,Telangana,state_36,9036.0,4.99,DIVA,,,,
FOOT AND MOUTH DISEASE,2021,Tamil Nadu,state_33,522.0,17.24,DIVA,,,,
FOOT AND MOUTH DISEASE,2021,Punjab,state_3,3919.0,15.15,DIVA,,,,
FOOT AND MOUTH DISEASE,2021,Puducherry,ut_34,960.0,59.3,DIVA,,,,
FOOT AND MOUTH DISEASE,2021,Mizoram,state_15,360.0,12.22,DIVA,,,,
FOOT AND MOUTH DISEASE,2021,Manipur,state_14,3248.0,40.54,DIVA,,,,
FOOT AND MOUTH DISEASE,2021,Meghalaya,state_17,378.0,27.5,DIVA,,,,
FOOT AND MOUTH DISEASE,2021,Maharashtra,state_27,10539.0,15.81,DIVA,,,,
FOOT AND MOUTH DISEASE,2021,Madhya Pradesh,state_23,4864.0,18.3,DIVA,,,,
FOOT AND MOUTH DISEASE,2021,Kerala,state_32,8295.0,21.08,DIVA,,,,
FOOT AND MOUTH DISEASE,2021,Haryana,state_6,9040.0,6.81,DIVA,,,,
FOOT AND MOUTH DISEASE,2021,Uttarakhand,state_5,4049.0,20.03,DIVA,,,,
FOOT AND MOUTH DISEASE,2021,West Bengal,state_19,810.0,41.1,DIVA,,,,
FOOT AND MOUTH DISEASE,2021,Odisha,state_21,6076.0,21.07,DIVA,,,,
FOOT AND MOUTH DISEASE,2022,Andaman And Nicobar Islands,ut_35,2066.0,3.1,DIVA,2066.0,3.1,,
FOOT AND MOUTH DISEASE,2022,Andhra Pradesh,state_28,9829.0,22.7,DIVA,4867.0,34.7,4962.0,10.9
FOOT AND MOUTH DISEASE,2022,Arunachal Pradesh,state_12,270.0,42.2,DIVA,270.0,42.2,,
FOOT AND MOUTH DISEASE,2022,Assam,state_18,1792.0,15.5,DIVA,1792.0,15.5,,
FOOT AND MOUTH DISEASE,2022,Bihar,state_10,2185.0,27.6,DIVA,1461.0,27.9,724.0,27.2
FOOT AND MOUTH DISEASE,2022,Chhattisgarh,state_22,1247.0,27.7,DIVA,1128.0,29.8,119.0,8.4
FOOT AND MOUTH DISEASE,2022,Gujarat,state_24,6653.0,14.0,DIVA,3323.0,26.0,3330.0,2.0
FOOT AND MOUTH DISEASE,2022,Haryana,state_6,7044.0,5.1,DIVA,2095.0,11.5,4949.0,2.4
FOOT AND MOUTH DISEASE,2022,Himachal Pradesh,state_2,2424.0,11.0,DIVA,1667.0,14.0,757.0,4.4
FOOT AND MOUTH DISEASE,2022,Jammu And Kashmir,ut_1,1719.0,25.9,DIVA,1719.0,25.9,,
FOOT AND MOUTH DISEASE,2022,Jharkhand,state_20,1287.0,35.4,DIVA,1255.0,35.8,32.0,9.4
FOOT AND MOUTH DISEASE,2022,Karnataka,state_29,1663.0,36.0,DIVA,1261.0,37.5,402.0,30.5
FOOT AND MOUTH DISEASE,2022,Kerala,state_32,1874.0,17.8,DIVA,1767.0,18.0,107.0,15.0
FOOT AND MOUTH DISEASE,2022,Madhya Pradesh,state_23,2828.0,15.9,DIVA,1798.0,19.6,1030.0,9.5
FOOT AND MOUTH DISEASE,2022,Maharashtra,state_27,2927.0,22.3,DIVA,2077.0,27.1,850.0,10.6
FOOT AND MOUTH DISEASE,2022,Manipur,state_14,1214.0,22.7,DIVA,1046.0,23.1,168.0,19.6
FOOT AND MOUTH DISEASE,2022,Meghalaya,state_17,630.0,11.5,DIVA,630.0,11.5,,
FOOT AND MOUTH DISEASE,2022,Mizoram,state_15,1123.0,18.9,DIVA,1075.0,19.2,48.0,12.5
FOOT AND MOUTH DISEASE,2022,Nagaland,state_13,871.0,15.3,DIVA,871.0,15.3,,
FOOT AND MOUTH DISEASE,2022,Odisha,state_21,2340.0,29.1,DIVA,2144.0,29.7,196.0,21.9
FOOT AND MOUTH DISEASE,2022,Puducherry,ut_34,544.0,31.8,DIVA,544.0,31.8,,
FOOT AND MOUTH DISEASE,2022,Punjab,state_3,3819.0,19.2,DIVA,1488.0,28.8,2331.0,13.0
FOOT AND MOUTH DISEASE,2022,Telangana,state_36,7640.0,7.4,DIVA,3729.0,9.3,3911.0,5.5
FOOT AND MOUTH DISEASE,2022,Uttar Pradesh,state_9,3328.0,7.8,DIVA,1338.0,13.3,1990.0,4.1
FOOT AND MOUTH DISEASE,2022,Uttarakhand,state_5,2119.0,13.9,DIVA,1579.0,17.0,540.0,4.8
FOOT AND MOUTH DISEASE,2022,West Bengal,state_19,84.0,28.6,DIVA,84.0,28.6,,
FOOT AND MOUTH DISEASE,2022,Rajasthan,state_8,180.0,8.9,DIVA,70.0,17.1,110.0,3.6
