metadata.recordID,country.ID,country.name,location.admin.hierarchy,state.ID,state.name,district.ID,district.name,metadata.category,metadata.type,population.cocks ,population.hens ,population.chickens ,population.drakes,population.ducks,population.ducklings,population.turkey,population.quails,population.poultryBirds
7dc593ec-9349-4c1b-81bd-89b96a4ef20d,country_IN,India,Revenue,state_27,Maharashtra,district_482,Mumbai,Commercial,Indigenous,376,1623,2652,28,7,60,,,
cf3a7dfa-b653-4580-8313-d712d6642a86,country_IN,India,Revenue,state_27,Maharashtra,district_497,Thane,Commercial,Indigenous,33371,70937,250668,21,41,18,,,
ada4aa25-71b9-4e4a-9400-153fa7ebc712,country_IN,India,Revenue,state_27,Maharashtra,district_665,Palghar,Commercial,Indigenous,3270,120532,22124,0,0,0,,,
b81ab9ba-11e5-4149-a073-929d738d2983,country_IN,India,Revenue,state_27,Maharashtra,district_491,Raigad,Commercial,Indigenous,19750,43526,441207,4,14,0,,,
fc54d536-b1cc-4523-9de5-78fa9d3d0e4b,country_IN,India,Revenue,state_27,Maharashtra,district_492,Ratnagiri,Commercial,Indigenous,1382,6284,2350,0,0,0,,,
084cb87f-4322-42d2-85cd-20bdd5f3faa4,country_IN,India,Revenue,state_27,Maharashtra,district_495,Sindhudurg,Commercial,Indigenous,637,1012,7100,0,0,0,,,
82224080-edae-4aa1-911f-6e2e30236830,country_IN,India,Revenue,state_27,Maharashtra,district_487,Nashik,Commercial,Indigenous,63564,396968,204500,13,18,12,,,
8d27962d-1c81-4bee-88c4-c15ab8fb368c,country_IN,India,Revenue,state_27,Maharashtra,district_474,Dhule,Commercial,Indigenous,56591,77861,6019,0,0,0,,,
f3a83493-cc93-4494-b979-48e6447b8b7a,country_IN,India,Revenue,state_27,Maharashtra,district_486,Nandurbar,Commercial,Indigenous,62,75078,118,0,0,0,,,
ebb51108-bfe0-4bcf-b6c5-ce94f94031a0,country_IN,India,Revenue,state_27,Maharashtra,district_478,Jalgaon,Commercial,Indigenous,507,1091,1219,0,0,0,,,
4e5fc0e2-44e2-465b-8ef0-02ce980f172c,country_IN,India,Revenue,state_27,Maharashtra,district_466,Ahmednagar,Commercial,Indigenous,121276,555459,626183,4,21,0,,,
3658295e-9c0d-4667-a8d6-11b62ae4667e,country_IN,India,Revenue,state_27,Maharashtra,district_490,Pune,Commercial,Indigenous,61427,264579,242409,45,48,18,,,
16ce6664-bb51-429b-8041-b6349d31afc0,country_IN,India,Revenue,state_27,Maharashtra,district_494,Satara,Commercial,Indigenous,13416,88219,32765,0,0,0,,,
c640084b-45ac-4325-862b-2062ff483319,country_IN,India,Revenue,state_27,Maharashtra,district_493,Sangli,Commercial,Indigenous,26299,58102,84266,0,0,0,,,
829afa6e-0bc1-4392-99de-c0c7d36d9e80,country_IN,India,Revenue,state_27,Maharashtra,district_496,Solapur,Commercial,Indigenous,10707,17469,105547,1,0,1,,,
84ee2794-7c78-41e8-8ce1-4d4efae83997,country_IN,India,Revenue,state_27,Maharashtra,district_480,Kolhapur,Commercial,Indigenous,43663,25830,164149,0,0,0,,,
2952076b-3a55-448d-95bc-452218c9ff8d,country_IN,India,Revenue,state_27,Maharashtra,district_469,Chhatrapati Sambhajinagar,Commercial,Indigenous,5421,8935,8652,9,8,11,,,
39f03448-a259-466e-9ad8-1985c31bd00d,country_IN,India,Revenue,state_27,Maharashtra,district_479,Jalna,Commercial,Indigenous,121,325,315,0,0,0,,,
e0ffec1a-db10-4ffc-8869-b49ea6af9659,country_IN,India,Revenue,state_27,Maharashtra,district_489,Parbhani,Commercial,Indigenous,53,180,20,0,0,0,,,
e1582cf0-0fc0-4703-b83c-8fc41f3e53c1,country_IN,India,Revenue,state_27,Maharashtra,district_470,Beed,Commercial,Indigenous,10663,32400,69033,1,0,0,,,
ecefacb2-828e-4a5e-ade0-ad1d18f3ec6a,country_IN,India,Revenue,state_27,Maharashtra,district_481,Latur,Commercial,Indigenous,521,33398,165700,0,0,0,,,
903fa1dd-9f30-459e-b641-aab835adee83,country_IN,India,Revenue,state_27,Maharashtra,district_488,Dharashiv,Commercial,Indigenous,1002,51,2009,0,0,0,,,
b21b6b03-d710-49b4-b144-8fd19f597227,country_IN,India,Revenue,state_27,Maharashtra,district_485,Nanded,Commercial,Indigenous,6317,7662,4219,6,8,4,,,
5b69efdc-3ef1-440a-aaae-bad4a960c612,country_IN,India,Revenue,state_27,Maharashtra,district_477,Hingoli,Commercial,Indigenous,235,91,345,29,20,3,,,
fc0a10b6-ddfb-44ee-bbd6-46e1ac4ca7a5,country_IN,India,Revenue,state_27,Maharashtra,district_468,Amravati,Commercial,Indigenous,36611,37637,35239,15,21,14,,,
99f27b28-c72a-4688-9a5f-d6b1cdd3b472,country_IN,India,Revenue,state_27,Maharashtra,district_467,Akola,Commercial,Indigenous,301,262,34,0,0,0,,,
152c6b76-3c56-4d70-9efd-40abfbda2097,country_IN,India,Revenue,state_27,Maharashtra,district_499,Washim,Commercial,Indigenous,6010,6600,9050,0,0,0,,,
b708615d-a2e2-4831-98ab-306afacaf5ce,country_IN,India,Revenue,state_27,Maharashtra,district_472,Buldhana,Commercial,Indigenous,6574,9099,165,0,0,0,,,
7874a148-57f6-4de1-bd06-50f1b9adf040,country_IN,India,Revenue,state_27,Maharashtra,district_500,Yavatmal,Commercial,Indigenous,14348,100903,34997,0,0,0,,,
237c5c18-064b-400e-9221-3cfd17431369,country_IN,India,Revenue,state_27,Maharashtra,district_484,Nagpur,Commercial,Indigenous,553,175471,22608,12,20,1,,,
4ecafe1b-137c-494d-bfce-1f44248c1e8d,country_IN,India,Revenue,state_27,Maharashtra,district_498,Wardha,Commercial,Indigenous,201,282,15194,2,4,0,,,
6dd1640e-664c-4a1b-b653-851fe951cab0,country_IN,India,Revenue,state_27,Maharashtra,district_471,Bhandara,Commercial,Indigenous,634,923,4897,0,0,0,,,
e71ca1b4-b8ac-4dec-8f76-2e234bbadd3b,country_IN,India,Revenue,state_27,Maharashtra,district_476,Gondia,Commercial,Indigenous,3079,41782,6463,0,5,1,,,
e8d6ea65-c78f-4763-b868-e9977de27ce2,country_IN,India,Revenue,state_27,Maharashtra,district_473,Chandrapur,Commercial,Indigenous,213,543,263,1,5,0,,,
074bf6bb-2079-417a-8d9a-bb369c1d44b8,country_IN,India,Revenue,state_27,Maharashtra,district_475,Gadchiroli,Commercial,Indigenous,327,426,1302,3,279,0,,,
51affeaa-aba1-4d38-a451-ebdfecaf5528,country_IN,India,Revenue,state_27,Maharashtra,district_482,Mumbai,Commercial,Improved,497,2959,0,0,0,0,,,
6774a9ae-0536-4350-8f87-5e1a2f8ba466,country_IN,India,Revenue,state_27,Maharashtra,district_497,Thane,Commercial,Improved,82261,175634,1342107,2,10,3,,,
5b01a3b8-2ecc-4739-892f-fdb5606769f5,country_IN,India,Revenue,state_27,Maharashtra,district_665,Palghar,Commercial,Improved,50971,112097,299536,0,0,0,,,
304f62e9-64c9-45a0-b222-864d6a353b08,country_IN,India,Revenue,state_27,Maharashtra,district_491,Raigad,Commercial,Improved,320322,787777,1472532,7,12,7,,,
9197c7cf-e0fd-4ff2-9979-8bf6d0c613d2,country_IN,India,Revenue,state_27,Maharashtra,district_492,Ratnagiri,Commercial,Improved,2706,5802,33889,0,0,0,,,
57eb50d5-e86f-422b-9f7f-6ce0cdd29bbe,country_IN,India,Revenue,state_27,Maharashtra,district_495,Sindhudurg,Commercial,Improved,1679,7861,318180,0,0,0,,,
520c0669-0700-441e-a2ab-ecb53f2482b8,country_IN,India,Revenue,state_27,Maharashtra,district_487,Nashik,Commercial,Improved,508280,2215408,3791782,0,0,0,,,
ea201412-848d-4b57-80ef-1ee374cb1c22,country_IN,India,Revenue,state_27,Maharashtra,district_474,Dhule,Commercial,Improved,198181,602068,700425,0,0,0,,,
2ccf0de4-3ba7-4e0d-83a1-c1eee3d0a0fb,country_IN,India,Revenue,state_27,Maharashtra,district_486,Nandurbar,Commercial,Improved,3629,50617,195578,0,0,0,,,
122de2f7-f007-4a7c-b499-08d02584f2bd,country_IN,India,Revenue,state_27,Maharashtra,district_478,Jalgaon,Commercial,Improved,27780,6887,629740,0,0,0,,,
191af82d-98b7-4bcf-a4df-93b9a5ad84fc,country_IN,India,Revenue,state_27,Maharashtra,district_466,Ahmednagar,Commercial,Improved,272773,872682,4913494,0,2,0,,,
2cc68f1f-0555-4ba3-89e9-f00feba7fe22,country_IN,India,Revenue,state_27,Maharashtra,district_490,Pune,Commercial,Improved,1102961,6010711,6169275,1,5,2,,,
c5023a5e-d1f9-4f14-a92b-cbbbf9a76eff,country_IN,India,Revenue,state_27,Maharashtra,district_494,Satara,Commercial,Improved,91826,663590,1509665,6,10,0,,,
ddf72b02-44ac-4b1e-aea2-b3b2ba512e63,country_IN,India,Revenue,state_27,Maharashtra,district_493,Sangli,Commercial,Improved,402483,1299659,899543,0,0,0,,,
2ba98b0d-8fe4-44dd-a0fc-4e216bc835f7,country_IN,India,Revenue,state_27,Maharashtra,district_496,Solapur,Commercial,Improved,21483,473707,298669,2,1,5,,,
97dab34e-6e27-483d-9db8-e3c5090bd6a5,country_IN,India,Revenue,state_27,Maharashtra,district_480,Kolhapur,Commercial,Improved,69424,648998,1417254,0,0,0,,,
eb9c0681-8626-4249-8e1d-6c670eda0ce2,country_IN,India,Revenue,state_27,Maharashtra,district_469,Chhatrapati Sambhajinagar,Commercial,Improved,31234,132926,120591,0,0,0,,,
f4835834-74cf-4a46-97b4-cb7d78a0af92,country_IN,India,Revenue,state_27,Maharashtra,district_479,Jalna,Commercial,Improved,1554,4970,0,0,0,0,,,
177496ae-739a-4548-b07e-0dad0c29fd55,country_IN,India,Revenue,state_27,Maharashtra,district_489,Parbhani,Commercial,Improved,1093,11189,613,0,0,0,,,
af805b13-b33f-418d-85c4-b2aa1635e0a8,country_IN,India,Revenue,state_27,Maharashtra,district_470,Beed,Commercial,Improved,34804,94404,395184,0,0,0,,,
4e0debd2-6edc-4881-b791-24e360913375,country_IN,India,Revenue,state_27,Maharashtra,district_481,Latur,Commercial,Improved,74580,18128,7500,0,0,0,,,
d774ec32-1d37-43a0-b6f1-789e11b468ed,country_IN,India,Revenue,state_27,Maharashtra,district_488,Dharashiv,Commercial,Improved,129950,12629,132150,0,0,0,,,
f65ed41e-cc41-40d2-8e0f-1de51cba4151,country_IN,India,Revenue,state_27,Maharashtra,district_485,Nanded,Commercial,Improved,38291,46076,102304,0,0,0,,,
d7dad387-6461-4690-96e8-c46669ea3d24,country_IN,India,Revenue,state_27,Maharashtra,district_477,Hingoli,Commercial,Improved,2,6,17,0,0,0,,,
b97beca5-ed81-4682-838b-2d161d49ec29,country_IN,India,Revenue,state_27,Maharashtra,district_468,Amravati,Commercial,Improved,174347,590966,239435,0,0,0,,,
affc2f35-cdc1-4b44-a204-6c29ad961913,country_IN,India,Revenue,state_27,Maharashtra,district_467,Akola,Commercial,Improved,305,755,105854,0,0,0,,,
c1521254-b55a-47d8-bf63-f7fd26181994,country_IN,India,Revenue,state_27,Maharashtra,district_499,Washim,Commercial,Improved,16000,12065,55,0,0,0,,,
1d23f5f0-23b4-442d-9f26-698256ae2b2e,country_IN,India,Revenue,state_27,Maharashtra,district_472,Buldhana,Commercial,Improved,0,16000,64800,0,0,0,,,
3bea4cef-9575-4a32-a548-4c46325b79b8,country_IN,India,Revenue,state_27,Maharashtra,district_500,Yavatmal,Commercial,Improved,22915,74591,161822,0,0,0,,,
b6e928d0-94a3-4e2b-a655-0335fc039cbb,country_IN,India,Revenue,state_27,Maharashtra,district_484,Nagpur,Commercial,Improved,140827,398367,304316,6,12,0,,,
9a67f70c-d79d-4a7f-b334-0963bbd1b56c,country_IN,India,Revenue,state_27,Maharashtra,district_498,Wardha,Commercial,Improved,502,89360,34430,0,0,0,,,
a902cc5c-0fc9-43fa-992d-3d837f8e336c,country_IN,India,Revenue,state_27,Maharashtra,district_471,Bhandara,Commercial,Improved,50,1850,50,0,0,0,,,
354a9436-88e7-4fb3-a0f2-e15805675bb5,country_IN,India,Revenue,state_27,Maharashtra,district_476,Gondia,Commercial,Improved,33605,157492,57237,0,2,0,,,
9dafd40f-4e5a-43e2-bb7d-088f0c941b4a,country_IN,India,Revenue,state_27,Maharashtra,district_473,Chandrapur,Commercial,Improved,14920,21129,38558,6,5,12,,,
ee87decb-a8db-4919-9ba9-e908bee9f049,country_IN,India,Revenue,state_27,Maharashtra,district_475,Gadchiroli,Commercial,Improved,900,504,4000,31,416,0,,,
8c34aa7a-08e7-4330-89d4-abda112a3b2a,country_IN,India,Revenue,state_27,Maharashtra,district_482,Mumbai,Backyard,Indigenous,304,627,567,48,71,55,,,
5e31c36f-97ea-45aa-a0b4-bb25b2afceff,country_IN,India,Revenue,state_27,Maharashtra,district_497,Thane,Backyard,Indigenous,91149,171032,231854,107,284,104,,,
2bfb6220-e982-44f8-a48e-826307f8e5a6,country_IN,India,Revenue,state_27,Maharashtra,district_665,Palghar,Backyard,Indigenous,205272,419488,523755,873,1827,796,,,
775c7650-a5a0-466b-a27f-82c76d2ecbff,country_IN,India,Revenue,state_27,Maharashtra,district_491,Raigad,Backyard,Indigenous,186088,332307,329919,363,733,272,,,
6325d67b-a47d-49cd-9448-0cbb390a5edb,country_IN,India,Revenue,state_27,Maharashtra,district_492,Ratnagiri,Backyard,Indigenous,134862,207153,266293,44,76,21,,,
11201cd9-b559-4a30-9bf3-b7d7019e689a,country_IN,India,Revenue,state_27,Maharashtra,district_495,Sindhudurg,Backyard,Indigenous,129227,207515,204280,36,50,16,,,
386bde80-b84c-478d-89f3-d919286956d0,country_IN,India,Revenue,state_27,Maharashtra,district_487,Nashik,Backyard,Indigenous,97145,214072,175586,89,158,84,,,
fa35345f-28d6-46a3-9076-d1e764c6ffb1,country_IN,India,Revenue,state_27,Maharashtra,district_474,Dhule,Backyard,Indigenous,57543,127060,88582,293,436,169,,,
698cca7e-7e2c-4119-8132-934d1fc782c3,country_IN,India,Revenue,state_27,Maharashtra,district_486,Nandurbar,Backyard,Indigenous,39984,86607,121174,41,89,30,,,
2a3935ef-299f-4711-ac9c-449bf374f2cf,country_IN,India,Revenue,state_27,Maharashtra,district_478,Jalgaon,Backyard,Indigenous,55383,114468,59872,285,457,182,,,
b4474c15-3f20-45de-a30f-a0c7fc5ffda7,country_IN,India,Revenue,state_27,Maharashtra,district_466,Ahmednagar,Backyard,Indigenous,294752,710466,300983,273,388,68,,,
cd4022d8-6b91-49bf-8ef2-d2427d34db27,country_IN,India,Revenue,state_27,Maharashtra,district_490,Pune,Backyard,Indigenous,393315,889731,349709,491,1685,196,,,
b16f5358-582d-4b72-b87b-407ce6fe8705,country_IN,India,Revenue,state_27,Maharashtra,district_494,Satara,Backyard,Indigenous,264690,789009,320606,222,536,107,,,
ab57b30c-3881-4e58-9619-df337503057e,country_IN,India,Revenue,state_27,Maharashtra,district_493,Sangli,Backyard,Indigenous,142942,443494,123006,22,72,0,,,
30412c7e-106c-4e44-98a7-c56522912438,country_IN,India,Revenue,state_27,Maharashtra,district_496,Solapur,Backyard,Indigenous,507188,1037566,399423,540,1470,334,,,
936b7d81-9139-412f-beb3-198392225080,country_IN,India,Revenue,state_27,Maharashtra,district_480,Kolhapur,Backyard,Indigenous,89639,220501,104109,30,64,40,,,
10174a20-fc23-4d99-b8ef-303c204105de,country_IN,India,Revenue,state_27,Maharashtra,district_469,Chhatrapati Sambhajinagar,Backyard,Indigenous,34271,87513,46954,223,456,181,,,
de503a1b-466e-4a04-8701-0a9311a31cf5,country_IN,India,Revenue,state_27,Maharashtra,district_479,Jalna,Backyard,Indigenous,34714,67624,51560,24,47,40,,,
2663d395-b7db-4ecd-ae9a-fbcb9e15f61c,country_IN,India,Revenue,state_27,Maharashtra,district_489,Parbhani,Backyard,Indigenous,30378,66884,49308,37,61,29,,,
c15fcf20-7440-4992-9d5f-67d5022f8109,country_IN,India,Revenue,state_27,Maharashtra,district_470,Beed,Backyard,Indigenous,161216,312063,188499,184,239,13,,,
df3382e7-52c1-4cbb-acb0-0922d9b867c0,country_IN,India,Revenue,state_27,Maharashtra,district_481,Latur,Backyard,Indigenous,37760,68976,39178,35,42,3,,,
a7614073-a347-43e9-92a2-50083c7ac1f1,country_IN,India,Revenue,state_27,Maharashtra,district_488,Dharashiv,Backyard,Indigenous,49117,83930,22955,127,477,1365,,,
a8766387-0da8-48ee-a061-3523b2ef9f64,country_IN,India,Revenue,state_27,Maharashtra,district_485,Nanded,Backyard,Indigenous,74642,124706,121761,176,338,106,,,
f3a6f134-f598-4cff-833b-6e220cd4da5c,country_IN,India,Revenue,state_27,Maharashtra,district_477,Hingoli,Backyard,Indigenous,31439,50823,46536,19,30,3,,,
f8c6b716-5739-496e-8e87-c0423a8c53e5,country_IN,India,Revenue,state_27,Maharashtra,district_468,Amravati,Backyard,Indigenous,51160,95681,89505,122,396,118,,,
0fbe41ef-cf00-4543-964e-ffd360f5e477,country_IN,India,Revenue,state_27,Maharashtra,district_467,Akola,Backyard,Indigenous,15396,25373,20917,89,97,86,,,
e650dcaa-9a64-4678-b964-dd3e77f8f96f,country_IN,India,Revenue,state_27,Maharashtra,district_499,Washim,Backyard,Indigenous,15177,36070,14322,11,19,5,,,
92a87585-c757-40b0-95fb-8c768ac587a3,country_IN,India,Revenue,state_27,Maharashtra,district_472,Buldhana,Backyard,Indigenous,45094,102321,54873,204,192,64,,,
e32e3ecd-a59a-4a52-9208-e9734b72a5ab,country_IN,India,Revenue,state_27,Maharashtra,district_500,Yavatmal,Backyard,Indigenous,64586,144530,161478,309,1069,616,,,
a2dfee18-f54e-44fb-8fc0-e36b2d7af637,country_IN,India,Revenue,state_27,Maharashtra,district_484,Nagpur,Backyard,Indigenous,52830,79317,93477,166,314,115,,,
dc0709be-93c8-4cb4-b189-936465d4e2fc,country_IN,India,Revenue,state_27,Maharashtra,district_498,Wardha,Backyard,Indigenous,22227,44242,40105,31,91,33,,,
1e12e19e-b898-4897-b469-4f77c10128b1,country_IN,India,Revenue,state_27,Maharashtra,district_471,Bhandara,Backyard,Indigenous,41352,73106,182273,52,98,61,,,
c35b9943-8c4e-425b-9d4b-74992e2a1c2f,country_IN,India,Revenue,state_27,Maharashtra,district_476,Gondia,Backyard,Indigenous,40940,64205,137335,187,287,217,,,
25a02233-e235-4567-bb6f-3e05df5f8de5,country_IN,India,Revenue,state_27,Maharashtra,district_473,Chandrapur,Backyard,Indigenous,57991,125432,239156,77,139,53,,,
34bf7a3f-9688-445a-abc8-c9eb71cc47ed,country_IN,India,Revenue,state_27,Maharashtra,district_475,Gadchiroli,Backyard,Indigenous,155237,233675,602254,679,1097,453,,,
dc8998dd-ba03-40db-b28b-0547427b5f38,country_IN,India,Revenue,state_27,Maharashtra,district_482,Mumbai,Backyard,Improved,57,79,71,25,32,36,,,
7d2ce8f4-d5d6-4dc4-8861-f1c810b394e7,country_IN,India,Revenue,state_27,Maharashtra,district_497,Thane,Backyard,Improved,11505,22952,26402,14,39,17,,,
f1a5f87f-86c6-4486-aa15-6f0bfc4ccf4c,country_IN,India,Revenue,state_27,Maharashtra,district_665,Palghar,Backyard,Improved,39366,74253,85708,84,185,220,,,
6e2d7e1d-e5f0-422d-928f-f7bc61bcc6d8,country_IN,India,Revenue,state_27,Maharashtra,district_491,Raigad,Backyard,Improved,18704,37547,34844,21,30,9,,,
09a7f1be-2efa-44cd-8eef-25543afb8ca2,country_IN,India,Revenue,state_27,Maharashtra,district_492,Ratnagiri,Backyard,Improved,43217,71876,82932,16,24,169,,,
91445450-71e3-4206-afa6-ba037b3a8b60,country_IN,India,Revenue,state_27,Maharashtra,district_495,Sindhudurg,Backyard,Improved,10055,15933,15178,1,2,3,,,
1a3a8f58-d6f9-488f-ae0c-57a9cd9da6a9,country_IN,India,Revenue,state_27,Maharashtra,district_487,Nashik,Backyard,Improved,36498,55016,40333,8,12,13,,,
4ebe5f86-1fe6-419f-bda6-bf3fec40fed4,country_IN,India,Revenue,state_27,Maharashtra,district_474,Dhule,Backyard,Improved,9524,25832,45056,1,15,6,,,
913cc9af-fe18-40a3-8909-e13c2a73e8d5,country_IN,India,Revenue,state_27,Maharashtra,district_486,Nandurbar,Backyard,Improved,64102,128120,174751,7,41,8,,,
de582881-b06c-4daf-8de2-56f0251ebd70,country_IN,India,Revenue,state_27,Maharashtra,district_478,Jalgaon,Backyard,Improved,25211,50638,26029,27,35,26,,,
d0b26645-c0a7-4b4e-b951-df132b063726,country_IN,India,Revenue,state_27,Maharashtra,district_466,Ahmednagar,Backyard,Improved,43462,87797,51236,11,45,12,,,
654852ce-755e-4f47-924e-8ff67440613e,country_IN,India,Revenue,state_27,Maharashtra,district_490,Pune,Backyard,Improved,183642,295143,236364,83,149,47,,,
d68d1264-baa2-4274-a99d-e9a7516c8ed7,country_IN,India,Revenue,state_27,Maharashtra,district_494,Satara,Backyard,Improved,31211,62862,36406,69,48,27,,,
e13a41aa-0b71-41e4-b67a-6fe29a50785e,country_IN,India,Revenue,state_27,Maharashtra,district_493,Sangli,Backyard,Improved,54589,146278,37831,17,55,30,,,
19df32a0-15dc-471b-a51b-9edae5805e6b,country_IN,India,Revenue,state_27,Maharashtra,district_496,Solapur,Backyard,Improved,38436,104109,42505,76,139,70,,,
707d9b0a-ef6d-47e6-a6db-ad9b047edac0,country_IN,India,Revenue,state_27,Maharashtra,district_480,Kolhapur,Backyard,Improved,31454,72008,113986,2,14,3,,,
d1c39ddc-ff45-48ca-a9e2-b0ed1b4b06f5,country_IN,India,Revenue,state_27,Maharashtra,district_469,Chhatrapati Sambhajinagar,Backyard,Improved,24245,49514,28849,107,128,162,,,
c9c94de8-e2fa-4bbc-881e-45c059414c78,country_IN,India,Revenue,state_27,Maharashtra,district_479,Jalna,Backyard,Improved,26406,50548,41430,8,28,5,,,
143aa342-ed6e-4ce0-8abc-c4a10a61f4e4,country_IN,India,Revenue,state_27,Maharashtra,district_489,Parbhani,Backyard,Improved,1168,4701,2121,0,0,0,,,
c94390bd-5450-4611-a4c2-510cfda62618,country_IN,India,Revenue,state_27,Maharashtra,district_470,Beed,Backyard,Improved,55952,101887,73348,3,15,16,,,
45cafadf-d1f2-4ef1-a2ac-725f8101a322,country_IN,India,Revenue,state_27,Maharashtra,district_481,Latur,Backyard,Improved,12766,15182,15137,0,0,0,,,
a89f80d0-91d1-4499-9bd8-ba0ab96cba91,country_IN,India,Revenue,state_27,Maharashtra,district_488,Dharashiv,Backyard,Improved,56318,85151,53786,486,2546,189,,,
e5d01710-b062-4dd2-bd82-de261fb7e9f5,country_IN,India,Revenue,state_27,Maharashtra,district_485,Nanded,Backyard,Improved,2824,7505,5738,6,7,5,,,
a1223e4c-8730-4850-b393-d1525a398d8c,country_IN,India,Revenue,state_27,Maharashtra,district_477,Hingoli,Backyard,Improved,3911,7115,8454,0,0,0,,,
d698ba1b-28cc-4461-9cf2-2644cf208f08,country_IN,India,Revenue,state_27,Maharashtra,district_468,Amravati,Backyard,Improved,5345,8703,9158,19,51,31,,,
3bb0dcd9-1cfe-4a12-a9b8-546c37bf0cfa,country_IN,India,Revenue,state_27,Maharashtra,district_467,Akola,Backyard,Improved,2830,6326,5449,0,0,0,,,
c2df1d54-cc3e-4e15-b357-105f25a70eac,country_IN,India,Revenue,state_27,Maharashtra,district_499,Washim,Backyard,Improved,2410,3750,1173,2,2,0,,,
1279f9ca-72cb-43fc-a61d-a1b69c889473,country_IN,India,Revenue,state_27,Maharashtra,district_472,Buldhana,Backyard,Improved,19243,36991,35968,1,0,0,,,
8423b586-4480-40b7-8f41-6afc7748e2ef,country_IN,India,Revenue,state_27,Maharashtra,district_500,Yavatmal,Backyard,Improved,19233,34391,28855,8,6,4,,,
c129ec19-2523-4013-bc48-85849f2d7af0,country_IN,India,Revenue,state_27,Maharashtra,district_484,Nagpur,Backyard,Improved,15858,22677,20263,67,53,55,,,
88d528c2-0399-4cac-8e28-c757935b6aef,country_IN,India,Revenue,state_27,Maharashtra,district_498,Wardha,Backyard,Improved,6328,8181,7599,0,0,0,,,
7ec8bfb1-6023-4cae-bb8e-2ecd9a4195e7,country_IN,India,Revenue,state_27,Maharashtra,district_471,Bhandara,Backyard,Improved,1180,2559,5335,1,2,0,,,
6cb6582a-07cb-4213-9731-da2e332dd847,country_IN,India,Revenue,state_27,Maharashtra,district_476,Gondia,Backyard,Improved,17839,22181,19080,10,36,13,,,
c344abb6-6ee7-413c-997f-c91d3032be87,country_IN,India,Revenue,state_27,Maharashtra,district_473,Chandrapur,Backyard,Improved,21156,46445,97683,17,24,17,,,
18b17214-dc83-41dc-8f3b-daa170b0cbf5,country_IN,India,Revenue,state_27,Maharashtra,district_475,Gadchiroli,Backyard,Improved,2901,3603,4559,26,34,20,,,
483b2720-1799-40a0-91f7-d7d07d5e9961,country_IN,India,Revenue,state_27,Maharashtra,district_482,Mumbai,Commercial,Other,,,,,,,469,6636,628
46b1039a-e7dc-407d-a6ea-7c6cc71ae028,country_IN,India,Revenue,state_27,Maharashtra,district_497,Thane,Commercial,Other,,,,,,,12,153284,305679
3a2dce4e-24e6-49f8-b2d4-5ea8e9a4e75c,country_IN,India,Revenue,state_27,Maharashtra,district_665,Palghar,Commercial,Other,,,,,,,0,4637,2
373d28a3-1081-44cb-a891-1500eb35fb3c,country_IN,India,Revenue,state_27,Maharashtra,district_491,Raigad,Commercial,Other,,,,,,,11,11061,1990
a9f4ecd7-cdf0-4c34-ae17-b54f159b2a95,country_IN,India,Revenue,state_27,Maharashtra,district_492,Ratnagiri,Commercial,Other,,,,,,,0,45,17
697adfa0-8a06-403b-83b3-d279928f3f0a,country_IN,India,Revenue,state_27,Maharashtra,district_495,Sindhudurg,Commercial,Other,,,,,,,0,1,0
ad2664c9-cee8-46da-b815-919be080448c,country_IN,India,Revenue,state_27,Maharashtra,district_487,Nashik,Commercial,Other,,,,,,,5512,81391,67560
2dfcbe69-2fad-4ea3-bdf3-f7cde4c465dc,country_IN,India,Revenue,state_27,Maharashtra,district_474,Dhule,Commercial,Other,,,,,,,0,37004,3016
0661c44b-58a6-454f-b481-0f6611df4fd5,country_IN,India,Revenue,state_27,Maharashtra,district_486,Nandurbar,Commercial,Other,,,,,,,0,0,0
b5e60933-a4a4-4475-9154-aa499e845710,country_IN,India,Revenue,state_27,Maharashtra,district_478,Jalgaon,Commercial,Other,,,,,,,0,11,20
646fe390-6139-42fc-b3ed-38f5893d546e,country_IN,India,Revenue,state_27,Maharashtra,district_466,Ahmednagar,Commercial,Other,,,,,,,2,73890,11047
6ca69af5-4aaf-4a82-b588-274333e68fc3,country_IN,India,Revenue,state_27,Maharashtra,district_490,Pune,Commercial,Other,,,,,,,0,90505,44528
012cc235-a4d7-4dbf-ad26-9527a56e81c7,country_IN,India,Revenue,state_27,Maharashtra,district_494,Satara,Commercial,Other,,,,,,,10,64104,19007
48e8992e-ebdf-48ba-9a31-87e84ebb467d,country_IN,India,Revenue,state_27,Maharashtra,district_493,Sangli,Commercial,Other,,,,,,,0,8010,15000
1298c723-8f48-4026-931f-4297983f20f0,country_IN,India,Revenue,state_27,Maharashtra,district_496,Solapur,Commercial,Other,,,,,,,0,32,2
86f194b9-4850-4b1e-9793-f6f45b408831,country_IN,India,Revenue,state_27,Maharashtra,district_480,Kolhapur,Commercial,Other,,,,,,,0,19438,317504
55ac182c-3ea8-4149-853d-c6fb2ed07579,country_IN,India,Revenue,state_27,Maharashtra,district_469,Chhatrapati Sambhajinagar,Commercial,Other,,,,,,,0,3001,6
bd3b8e79-7d0c-4a2c-abbe-aa15e45c293e,country_IN,India,Revenue,state_27,Maharashtra,district_479,Jalna,Commercial,Other,,,,,,,0,0,0
2ace8cb3-3a58-4cf5-8121-166de08284af,country_IN,India,Revenue,state_27,Maharashtra,district_489,Parbhani,Commercial,Other,,,,,,,0,0,0
1c2558a4-c8f5-42e0-bfcc-36b74f3421b7,country_IN,India,Revenue,state_27,Maharashtra,district_470,Beed,Commercial,Other,,,,,,,0,0,150
5f4a8897-4606-4ffc-b561-d15daadf5de7,country_IN,India,Revenue,state_27,Maharashtra,district_481,Latur,Commercial,Other,,,,,,,0,3600,1800
a841a1ce-0a0a-4747-b288-16008c2e3a13,country_IN,India,Revenue,state_27,Maharashtra,district_488,Dharashiv,Commercial,Other,,,,,,,0,106201,1001
bae0796c-80ce-46de-9547-ec0d093ab0af,country_IN,India,Revenue,state_27,Maharashtra,district_485,Nanded,Commercial,Other,,,,,,,0,0,0
f37bba06-6cdf-46f3-bd9a-0095f2fb9f4a,country_IN,India,Revenue,state_27,Maharashtra,district_477,Hingoli,Commercial,Other,,,,,,,0,5,13
b7fb237f-c3dd-4046-8ec9-c24f6cb12e30,country_IN,India,Revenue,state_27,Maharashtra,district_468,Amravati,Commercial,Other,,,,,,,0,9665,0
82e61375-4d31-403c-9eed-739c87c22cf6,country_IN,India,Revenue,state_27,Maharashtra,district_467,Akola,Commercial,Other,,,,,,,0,0,0
bdf6c958-55a8-4421-a9ee-2631f8de5a74,country_IN,India,Revenue,state_27,Maharashtra,district_499,Washim,Commercial,Other,,,,,,,0,2000,0
dea4bfa1-2cba-4a6a-9e10-39f4284b00ab,country_IN,India,Revenue,state_27,Maharashtra,district_472,Buldhana,Commercial,Other,,,,,,,0,0,0
f707b9b8-745b-4a63-8012-c1b2bd9420f7,country_IN,India,Revenue,state_27,Maharashtra,district_500,Yavatmal,Commercial,Other,,,,,,,0,5007,73
abe182d2-ca6a-4b47-b299-d2113f5719c1,country_IN,India,Revenue,state_27,Maharashtra,district_484,Nagpur,Commercial,Other,,,,,,,2,31802,19
6100a560-253d-4a5e-8088-40acd872eaec,country_IN,India,Revenue,state_27,Maharashtra,district_498,Wardha,Commercial,Other,,,,,,,0,1,31
ed3cd5ae-7153-41cc-8a1d-e2fea39bf841,country_IN,India,Revenue,state_27,Maharashtra,district_471,Bhandara,Commercial,Other,,,,,,,0,0,1000
45f02368-c28e-41ec-94fa-79ab862b5359,country_IN,India,Revenue,state_27,Maharashtra,district_476,Gondia,Commercial,Other,,,,,,,2,31000,300
65577b11-b00d-4b9a-acf1-491ecc5d5269,country_IN,India,Revenue,state_27,Maharashtra,district_473,Chandrapur,Commercial,Other,,,,,,,0,16,0
040638ce-9ccb-4920-b8e7-888536727c34,country_IN,India,Revenue,state_27,Maharashtra,district_475,Gadchiroli,Commercial,Other,,,,,,,0,0,6002
c67c711c-a7e7-4cfa-8569-6b658804f137,country_IN,India,Revenue,state_27,Maharashtra,district_482,Mumbai,Backyard,Other,,,,,,,175,452,1529
e9de334d-b7a8-48e6-a02a-66464992af5c,country_IN,India,Revenue,state_27,Maharashtra,district_497,Thane,Backyard,Other,,,,,,,780,3911,2270
dcb0e236-fb4d-4638-8a7b-6f899a9ae6a5,country_IN,India,Revenue,state_27,Maharashtra,district_665,Palghar,Backyard,Other,,,,,,,156,4663,3684
78d2edb4-70a7-4f43-9c4b-d87a394f2031,country_IN,India,Revenue,state_27,Maharashtra,district_491,Raigad,Backyard,Other,,,,,,,80,1662,4053
4736d5b5-32a9-477d-b739-7fe62dd19ad2,country_IN,India,Revenue,state_27,Maharashtra,district_492,Ratnagiri,Backyard,Other,,,,,,,14,324,488
2284c4c0-8936-4663-bb78-2327ec8b203f,country_IN,India,Revenue,state_27,Maharashtra,district_495,Sindhudurg,Backyard,Other,,,,,,,9,199,127
213c7716-a458-4ed4-aa49-3f6ed3420531,country_IN,India,Revenue,state_27,Maharashtra,district_487,Nashik,Backyard,Other,,,,,,,387,31570,27282
536b8f31-7e76-4789-bdcb-e85f4ebd70d6,country_IN,India,Revenue,state_27,Maharashtra,district_474,Dhule,Backyard,Other,,,,,,,156,715,2472
3792fe61-7dd5-4a20-8bf0-f77af0690e37,country_IN,India,Revenue,state_27,Maharashtra,district_486,Nandurbar,Backyard,Other,,,,,,,15,123,20
c0fe6498-4508-4ab2-9da8-c9ad994e3244,country_IN,India,Revenue,state_27,Maharashtra,district_478,Jalgaon,Backyard,Other,,,,,,,848,16815,13129
e67a3a82-5266-4cc5-a8a6-a770643b8726,country_IN,India,Revenue,state_27,Maharashtra,district_466,Ahmednagar,Backyard,Other,,,,,,,570,28180,6411
05aaf2ee-4341-47f1-8777-345b860e06d0,country_IN,India,Revenue,state_27,Maharashtra,district_490,Pune,Backyard,Other,,,,,,,1814,17919,49656
377e3a5b-65fb-4a5b-b210-e015ba46a79d,country_IN,India,Revenue,state_27,Maharashtra,district_494,Satara,Backyard,Other,,,,,,,106,4799,2660
14ac0695-e3db-48ad-a058-a104c75f8d05,country_IN,India,Revenue,state_27,Maharashtra,district_493,Sangli,Backyard,Other,,,,,,,32,1602,955
e4ab90c6-e5ad-49f9-9cf6-831796daedc3,country_IN,India,Revenue,state_27,Maharashtra,district_496,Solapur,Backyard,Other,,,,,,,107,18678,20795
6173f2c4-696e-4d33-a908-5eb5be540322,country_IN,India,Revenue,state_27,Maharashtra,district_480,Kolhapur,Backyard,Other,,,,,,,729,10651,31123
d6c8c379-e494-4ba5-a86e-7aa42dd3918a,country_IN,India,Revenue,state_27,Maharashtra,district_469,Chhatrapati Sambhajinagar,Backyard,Other,,,,,,,2077,5426,11241
946adcd2-0a40-47b4-8ba1-bd5449cc4453,country_IN,India,Revenue,state_27,Maharashtra,district_479,Jalna,Backyard,Other,,,,,,,59,4340,10001
20093b81-779d-426c-974f-04eeed649ea9,country_IN,India,Revenue,state_27,Maharashtra,district_489,Parbhani,Backyard,Other,,,,,,,390,1654,3358
4bc329d0-3b1a-4ce5-9242-fe48b6b88d9b,country_IN,India,Revenue,state_27,Maharashtra,district_470,Beed,Backyard,Other,,,,,,,66,2484,7466
ac40cf90-442b-4f22-8fd8-f4cfd57eee69,country_IN,India,Revenue,state_27,Maharashtra,district_481,Latur,Backyard,Other,,,,,,,130,5074,4538
85116e06-78fd-4754-8bc4-ac0b2a24c671,country_IN,India,Revenue,state_27,Maharashtra,district_488,Dharashiv,Backyard,Other,,,,,,,525,6658,10987
2d32b834-a9d3-44e8-8fe4-ac0309fe26e4,country_IN,India,Revenue,state_27,Maharashtra,district_485,Nanded,Backyard,Other,,,,,,,2682,7580,4408
d7478fd2-0930-45c2-b65d-5b662a565ed9,country_IN,India,Revenue,state_27,Maharashtra,district_477,Hingoli,Backyard,Other,,,,,,,100,7515,15158
21c189bc-0d05-439a-808b-883236157220,country_IN,India,Revenue,state_27,Maharashtra,district_468,Amravati,Backyard,Other,,,,,,,24,1391,4129
c40aac99-dc67-4bde-a697-84c59fc88927,country_IN,India,Revenue,state_27,Maharashtra,district_467,Akola,Backyard,Other,,,,,,,13,2484,1458
48a88cc0-2373-477f-8969-791c09bd83ac,country_IN,India,Revenue,state_27,Maharashtra,district_499,Washim,Backyard,Other,,,,,,,103,235,2048
8b1fadf4-55ea-4302-bb6f-d7955d1ec05b,country_IN,India,Revenue,state_27,Maharashtra,district_472,Buldhana,Backyard,Other,,,,,,,253,5252,3027
2a35636a-733d-42f0-b455-378bbd559602,country_IN,India,Revenue,state_27,Maharashtra,district_500,Yavatmal,Backyard,Other,,,,,,,34,15423,1586
e153943e-11cf-48cd-af26-312b89ece4cd,country_IN,India,Revenue,state_27,Maharashtra,district_484,Nagpur,Backyard,Other,,,,,,,117,1681,4352
3bf653ce-7aa1-4840-b2a2-5422530061c0,country_IN,India,Revenue,state_27,Maharashtra,district_498,Wardha,Backyard,Other,,,,,,,489,1897,3503
610ef705-9f35-4dda-b757-07ed48c026f7,country_IN,India,Revenue,state_27,Maharashtra,district_471,Bhandara,Backyard,Other,,,,,,,121,116,114
0b485824-b8c0-433e-a8f2-02cde410ae6d,country_IN,India,Revenue,state_27,Maharashtra,district_476,Gondia,Backyard,Other,,,,,,,37,5592,2616
b3412402-d53b-4112-9796-af305226b3ee,country_IN,India,Revenue,state_27,Maharashtra,district_473,Chandrapur,Backyard,Other,,,,,,,3059,3874,1295
b7d5462a-8ff0-4269-ab0e-07e3c8cf3c5d,country_IN,India,Revenue,state_27,Maharashtra,district_475,Gadchiroli,Backyard,Other,,,,,,,31,127,83