state.id,state.name,species,location_type,population.male.upto1year,population.male.1yearandabove,population.male.total,population.female.upto1year,population.female.in_milk,population.female.dry,population.female.not_calved_once,population.female.total,population.total
ut_35,Andaman And Nicobar Islands,goat,rural,10463,9624,20087,13693,13455,11143,1963,40254,60341
state_28,Andhra Pradesh,goat,rural,570390,597383,1167773,1262783,1573071,975148,395040,4206042,5373815
state_12,Arunachal Pradesh,goat,rural,34246,32475,66721,35066,21602,18955,11786,87409,154130
state_18,Assam,goat,rural,612055,572882,1184937,1272828,995285,569217,168394,3005724,4190661
state_10,Bihar,goat,rural,1274343,918732,2193075,4391935,3160599,2223706,401965,10178205,12371280
ut_4,Chandigarh,goat,rural,25,15,40,75,101,43,7,226,266
state_22,Chhattisgarh,goat,rural,572581,642131,1214712,746892,751233,875909,292923,2666957,3881669
ut_7,Delhi,goat,rural,3488,5307,8795,4134,6258,2826,2582,15800,24595
state_30,Goa,goat,rural,1215,1487,2702,1688,1922,1726,459,5795,8497
state_24,Gujarat,goat,rural,390754,285799,676553,1113369,1686970,976102,179690,3956131,4632684
state_6,Haryana,goat,rural,29605,16192,45797,84956,113432,58015,13034,269437,315234
state_2,Himachal Pradesh,goat,rural,126468,161386,287854,196832,235356,319843,63297,815328,1103182
ut_1,Jammu And Kashmir,goat,rural,153844,226588,380432,370734,502191,382666,85869,1341460,1721892
state_20,Jharkhand,goat,rural,1344690,1473353,2818043,2206379,1942109,1545225,356643,6050356,8868399
state_29,Karnataka,goat,rural,616995,569237,1186232,1443472,1715579,1176504,260151,4595706,5781938
state_32,Kerala,goat,rural,180379,50955,231334,448662,394732,133615,29637,1006646,1237980
ut_31,Lakshadweep,goat,rural,4185,5309,9494,12723,11163,6845,2963,33694,43188
state_23,Madhya Pradesh,goat,rural,1104798,816737,1921535,2758810,2989970,2323453,450904,8523137,10444672
state_27,Maharashtra,goat,rural,842815,462062,1304877,2860192,3567027,2162309,288281,8877809,10182686
state_14,Manipur,goat,rural,5232,8846,14078,7033,5765,3793,3527,20118,34196
state_17,Meghalaya,goat,rural,66463,73356,139819,79913,68331,56635,46972,251851,391670
state_15,Mizoram,goat,rural,2483,2829,5312,2232,2315,2111,1348,8006,13318
state_13,Nagaland,goat,rural,6259,6470,12729,5608,4482,2711,2858,15659,28388
state_21,Odisha,goat,rural,962123,1155887,2118010,1343123,1327958,1156909,307454,4135444,6253454
ut_34,Puducherry,goat,rural,3729,3297,7026,19252,21733,6479,3290,50754,57780
state_3,Punjab,goat,rural,29722,15514,45236,85823,121391,58888,7810,273912,319148
state_8,Rajasthan,goat,rural,1654029,832097,2486126,5382041,7093881,4447314,826420,17749656,20235782
state_11,Sikkim,goat,rural,19442,30384,49826,14134,12351,9167,3217,38869,88695
state_33,Tamil Nadu,goat,rural,999261,917426,1916687,2586622,2572643,1440480,366857,6966602,8883289
state_36,Telangana,goat,rural,495855,460488,956343,1175924,1416429,785359,389020,3766732,4723075
ut_38,The Dadra And Nagar Haveli And Daman And Diu,goat,rural,2180,377,2557,3780,1009,359,441,5589,8146
state_16,Tripura,goat,rural,34313,16396,50709,122972,88367,68639,18300,298278,348987
state_9,Uttar Pradesh,goat,rural,1305783,985850,2291633,4225021,3916401,2543406,480570,11165398,13457031
state_5,Uttarakhand,goat,rural,147415,187268,334683,290683,304126,320848,83449,999106,1333789
state_19,West Bengal,goat,rural,2690333,2749417,5439750,4294453,3266316,2157607,708401,10426777,15866527
ut_35,Andaman And Nicobar Islands,goat,urban,596,518,1114,1330,972,702,302,3306,4420
state_28,Andhra Pradesh,goat,urban,18429,23705,42134,29898,39798,22075,14413,106184,148318
state_12,Arunachal Pradesh,goat,urban,1239,1432,2671,1095,729,722,393,2939,5610
state_18,Assam,goat,urban,20790,16061,36851,33329,31055,14913,8364,87661,124512
state_10,Bihar,goat,urban,55977,42551,98528,149718,120719,66655,14316,351408,449936
ut_4,Chandigarh,goat,urban,94,108,202,139,296,90,5,530,732
state_22,Chhattisgarh,goat,urban,19185,20436,39621,26284,25332,24982,7769,84367,123988
ut_7,Delhi,goat,urban,1627,1437,3064,1369,1107,229,106,2811,5875
state_30,Goa,goat,urban,180,226,406,153,217,107,66,543,949
state_24,Gujarat,goat,urban,21465,21020,42485,57818,88543,37938,8276,192575,235060
state_6,Haryana,goat,urban,1672,1321,2993,5035,6731,3619,1028,16413,19406
state_2,Himachal Pradesh,goat,urban,585,623,1208,1114,1233,1269,407,4023,5231
ut_1,Jammu And Kashmir,goat,urban,680,1068,1748,1733,2917,1328,600,6578,8326
state_20,Jharkhand,goat,urban,36428,40712,77140,64201,69036,31621,10776,175634,252774
state_29,Karnataka,goat,urban,38895,34748,73643,95550,122273,76052,19936,313811,387454
state_32,Kerala,goat,urban,16939,5631,22570,43325,39209,12095,3982,98611,121181
ut_31,Lakshadweep,goat,urban,0,0,0,0,0,0,0,0,0
state_23,Madhya Pradesh,goat,urban,69289,65001,134290,157769,183968,116536,27289,485562,619852
state_27,Maharashtra,goat,urban,38596,34257,72853,110359,140532,77609,20844,349344,422197
state_14,Manipur,goat,urban,596,693,1289,1376,934,467,435,3212,4501
state_17,Meghalaya,goat,urban,1490,966,2456,1509,1007,581,280,3377,5833
state_15,Mizoram,goat,urban,285,284,569,195,307,246,185,933,1502
state_13,Nagaland,goat,urban,522,678,1200,650,570,308,486,2014,3214
state_21,Odisha,goat,urban,19673,22617,42290,32089,32975,26819,5825,97708,139998
ut_34,Puducherry,goat,urban,1566,1972,3538,3621,4383,2750,1558,12312,15850
state_3,Punjab,goat,urban,3521,4920,8441,6054,9672,4074,560,20360,28801
state_8,Rajasthan,goat,urban,76047,49796,125843,148556,214521,94764,20737,478578,604421
state_11,Sikkim,goat,urban,563,546,1109,314,261,85,42,702,1811
state_33,Tamil Nadu,goat,urban,118911,117910,236821,277943,295529,145367,49797,768636,1005457
state_36,Telangana,goat,urban,24277,23159,47436,51995,66024,31542,14601,164162,211598
ut_38,The Dadra And Nagar Haveli And Daman And Diu,goat,urban,115,58,173,52,69,95,0,216,389
state_16,Tripura,goat,urban,898,161,1059,4257,2992,2414,495,10158,11217
state_9,Uttar Pradesh,goat,urban,121625,115553,237178,292688,313255,145520,34353,785816,1022994
state_5,Uttarakhand,goat,urban,4791,5558,10349,8750,10139,6966,1978,27833,38182
state_19,West Bengal,goat,urban,67052,72954,140006,113109,95987,47901,15810,272807,412813
