state.id,state.name,species,location_type,population.male.upto2years,population.male.used_for_breeding_only,population.male.used_for_agriculture_only,population.male.used_for_agriculture_and_breeding_only,population.male.used_for_bullock_cart_or_farm_operation,population.male.others,population.male.total,population.female.upto1year,population.female.1to3years,population.female.in_milk,population.female.dry,population.female.not_calved_once,population.female.others,population.female.total,population.total
ut_35,Andaman And Nicobar Islands,cattle(indigenous/non-descript),rural,2459,412,2507,1415,150,122,7065.0,3375,2369,3742,2519,336,101,12442,19507
state_28,Andhra Pradesh,cattle(indigenous/non-descript),rural,190312,52798,484028,74285,95679,13826,910928.0,324912,285571,476956,184291,69450,31774,1372954,2283882
state_12,Arunachal Pradesh,cattle(indigenous/non-descript),rural,48318,13651,54550,8850,2164,10013,137546.0,44773,47321,44896,27019,16864,7552,188425,325971
state_18,Assam,cattle(indigenous/non-descript),rural,985482,254071,1467299,191867,71007,104368,3074094.0,1917360,1566363,2157574,848740,247553,167488,6905078,9979172
state_10,Bihar,cattle(indigenous/non-descript),rural,520215,102297,393853,68399,51876,36566,1173206.0,2751904,2208286,3138595,1315327,268569,146634,9829315,11002521
ut_4,Chandigarh,cattle(indigenous/non-descript),rural,73,22,5,0,46,23,169.0,85,61,143,51,7,37,384,553
state_22,Chhattisgarh,cattle(indigenous/non-descript),rural,1039968,132387,2874052,228803,113102,85850,4474162.0,874576,934393,1145084,1458007,432682,74731,4919473,9393635
ut_7,Delhi,cattle(indigenous/non-descript),rural,1982,354,72,106,0,420,2934.0,3975,3518,9195,2950,663,1483,21784,24718
state_30,Goa,cattle(indigenous/non-descript),rural,3091,1024,4729,883,183,831,10741.0,3984,3665,5987,4262,977,458,19333,30074
state_24,Gujarat,cattle(indigenous/non-descript),rural,359449,69483,1208780,59037,84546,25997,1807292.0,868440,828333,1468129,740185,123297,38449,4066833,5874125
state_6,Haryana,cattle(indigenous/non-descript),rural,75084,7092,49942,5296,52550,28794,218758.0,135891,118397,200135,97933,23328,22762,598446,817204
state_2,Himachal Pradesh,cattle(indigenous/non-descript),rural,51022,2977,273929,15076,2016,3054,348074.0,73248,53078,172541,92834,13185,3310,408196,756270
ut_1,Jammu And Kashmir,cattle(indigenous/non-descript),rural,74905,7500,139931,58678,1147,2719,284880.0,204721,117552,337100,111838,25059,8813,805083,1089963
state_20,Jharkhand,cattle(indigenous/non-descript),rural,949606,229056,2746190,285054,181379,90880,4482165.0,1489269,1370551,1785233,976463,223934,108283,5953733,10435898
state_29,Karnataka,cattle(indigenous/non-descript),rural,353923,42696,1176714,39736,47153,20672,1680894.0,589712,497717,918536,505845,148021,25881,2685712,4366606
state_32,Kerala,cattle(indigenous/non-descript),rural,9517,483,830,262,370,796,12258.0,16195,15065,22676,7951,1491,773,64151,76409
ut_31,Lakshadweep,cattle(indigenous/non-descript),rural,301,29,36,11,1,172,550.0,171,230,212,92,22,20,747,1297
state_23,Madhya Pradesh,cattle(indigenous/non-descript),rural,1271234,212277,3898467,242105,157754,65523,5847360.0,2528026,1857865,3415018,2257323,330070,137505,10525807,16373167
state_27,Maharashtra,cattle(indigenous/non-descript),rural,734202,101161,3196148,160256,474551,31138,4697456.0,966029,749394,1658832,941520,97868,43860,4457503,9154959
state_14,Manipur,cattle(indigenous/non-descript),rural,24867,5662,14409,7825,3191,6486,62440.0,32407,28854,32641,9382,9787,6960,120031,182471
state_17,Meghalaya,cattle(indigenous/non-descript),rural,117966,30572,10098,137585,5967,35116,337304.0,111308,107609,126292,96388,64671,19322,525590,862894
state_15,Mizoram,cattle(indigenous/non-descript),rural,3266,1892,1667,923,210,439,8397.0,2449,2618,3487,2807,2000,363,13724,22121
state_13,Nagaland,cattle(indigenous/non-descript),rural,10392,4011,10060,2054,889,2052,29458.0,6988,7188,6553,2247,2478,1177,26631,56089
state_21,Odisha,cattle(indigenous/non-descript),rural,810588,90412,2450756,122606,271126,42852,3788340.0,1145198,847639,1392714,781939,151082,49387,4367959,8156299
ut_34,Puducherry,cattle(indigenous/non-descript),rural,50,23,84,7,532,23,719.0,254,271,388,170,29,17,1129,1848
state_3,Punjab,cattle(indigenous/non-descript),rural,16057,2462,24408,1761,36658,3858,85204.0,56282,47376,118996,40177,8691,7586,279108,364312
state_8,Rajasthan,cattle(indigenous/non-descript),rural,698178,80645,931692,84460,54998,89165,1939138.0,2230794,1656732,3174933,1721729,275966,112788,9172942,11112080
state_11,Sikkim,cattle(indigenous/non-descript),rural,3610,545,3478,873,276,257,9039.0,5798,3976,8155,2423,583,327,21262,30301
state_33,Tamil Nadu,cattle(indigenous/non-descript),rural,119380,32117,80464,20204,37503,14847,304515.0,347295,286544,449785,159156,42428,19637,1304845,1609360
state_36,Telangana,cattle(indigenous/non-descript),rural,292576,66677,843042,103646,181988,21240,1509169.0,488616,413128,676878,297211,125425,42023,2043281,3552450
ut_38,The Dadra And Nagar Haveli And Daman And Diu,cattle(indigenous/non-descript),rural,17979,4171,3027,341,179,375,26072.0,6122,3042,1619,1391,266,101,12541,38613
state_16,Tripura,cattle(indigenous/non-descript),rural,51041,8598,37847,8886,3373,1707,111452.0,132508,111940,143790,70013,19090,4922,482263,593715
state_9,Uttar Pradesh,cattle(indigenous/non-descript),rural,592596,59231,780969,56984,101145,37935,1628860.0,2662963,2250037,3721473,1598246,270553,195956,10699228,12328088
state_5,Uttarakhand,cattle(indigenous/non-descript),rural,72552,6236,325958,13546,2939,3888,425119.0,193882,129913,322699,132675,18265,4836,802270,1227389
state_19,West Bengal,cattle(indigenous/non-descript),rural,1554552,189924,1584704,131777,127465,123432,3711854.0,3157764,2914648,3465584,1467703,469198,188449,11663346,15375200
ut_35,Andaman And Nicobar Islands,cattle(indigenous/non-descript),urban,61,9,0,0,0,4,74.0,328,317,438,191,60,4,1338,1412
state_28,Andhra Pradesh,cattle(indigenous/non-descript),urban,3052,780,4211,874,1860,493,11270.0,9103,8963,15688,5291,2557,1104,42706,53976
state_12,Arunachal Pradesh,cattle(indigenous/non-descript),urban,899,387,480,60,14,117,1957.0,1150,986,1207,543,275,145,4306,6263
state_18,Assam,cattle(indigenous/non-descript),urban,12669,3046,12834,2075,949,1632,33205.0,36208,27947,43498,13583,4009,2668,127913,161118
state_10,Bihar,cattle(indigenous/non-descript),urban,8654,2131,2677,1305,651,471,15889.0,73906,60975,103341,31735,5554,3592,279103,294992
ut_4,Chandigarh,cattle(indigenous/non-descript),urban,350,6,2,4,22,1096,1480.0,230,236,531,1113,159,136,2405,3885
state_22,Chhattisgarh,cattle(indigenous/non-descript),urban,44067,5289,42002,4753,1747,2622,100480.0,46195,40716,62783,53849,15778,3493,222814,323294
ut_7,Delhi,cattle(indigenous/non-descript),urban,34,8,2,0,0,10,54.0,162,81,309,84,16,22,674,728
state_30,Goa,cattle(indigenous/non-descript),urban,237,107,68,53,27,350,842.0,329,347,527,432,114,53,1802,2644
state_24,Gujarat,cattle(indigenous/non-descript),urban,23747,3310,8785,531,1680,4459,42512.0,59244,60049,116546,59312,11657,3003,309811,352323
state_6,Haryana,cattle(indigenous/non-descript),urban,13590,2054,1044,359,2450,13211,32708.0,18582,17736,24281,22738,6667,9625,99629,132337
state_2,Himachal Pradesh,cattle(indigenous/non-descript),urban,192,12,807,40,0,87,1138.0,209,275,676,364,133,17,1674,2812
ut_1,Jammu And Kashmir,cattle(indigenous/non-descript),urban,456,40,454,36,5,4,995.0,1297,1154,1930,498,126,50,5055,6050
state_20,Jharkhand,cattle(indigenous/non-descript),urban,12234,1658,12125,1373,451,781,28622.0,34902,26502,49431,13613,4930,2961,132339,160961
state_29,Karnataka,cattle(indigenous/non-descript),urban,16106,2458,44656,3044,3356,1257,70877.0,28699,22729,45580,20348,4706,1297,123359,194236
state_32,Kerala,cattle(indigenous/non-descript),urban,683,45,12,15,19,108,882.0,1509,1189,2110,506,62,25,5401,6283
ut_31,Lakshadweep,cattle(indigenous/non-descript),urban,0,0,0,0,0,0,0.0,0,0,0,0,0,0,0,0
state_23,Madhya Pradesh,cattle(indigenous/non-descript),urban,50407,7522,45612,3627,3320,3757,114245.0,143297,97218,200068,96740,17908,13210,568441,682686
state_27,Maharashtra,cattle(indigenous/non-descript),urban,14058,3467,43975,4033,6272,1681,73486.0,32818,27437,61384,25705,5927,2858,156129,229615
state_14,Manipur,cattle(indigenous/non-descript),urban,1244,118,1348,129,323,145,3307.0,5831,5304,5365,2967,1210,91,20768,24075
state_17,Meghalaya,cattle(indigenous/non-descript),urban,711,552,16,809,20,353,2461.0,1296,612,1443,535,807,117,4810,7271
state_15,Mizoram,cattle(indigenous/non-descript),urban,302,142,60,116,33,48,701.0,241,221,395,242,273,52,1424,2125
state_13,Nagaland,cattle(indigenous/non-descript),urban,501,287,303,238,104,22,1455.0,595,580,925,115,122,14,2351,3806
state_21,Odisha,cattle(indigenous/non-descript),urban,14716,1714,19154,951,1420,733,38688.0,35499,25289,45312,17594,3638,1271,128603,167291
ut_34,Puducherry,cattle(indigenous/non-descript),urban,362,224,112,46,144,58,946.0,553,552,865,626,289,66,2951,3897
state_3,Punjab,cattle(indigenous/non-descript),urban,4870,1686,652,223,564,3829,11824.0,6714,7609,11972,11575,2698,9169,49737,61561
state_8,Rajasthan,cattle(indigenous/non-descript),urban,39716,6185,2957,1023,1662,21326,72869.0,95298,71880,156399,81297,14598,10176,429648,502517
state_11,Sikkim,cattle(indigenous/non-descript),urban,52,15,47,40,3,2,159.0,132,128,333,85,13,9,700,859
state_33,Tamil Nadu,cattle(indigenous/non-descript),urban,12341,4008,6326,2243,5902,2379,33199.0,35241,32509,59871,16223,4589,2949,151382,184581
state_36,Telangana,cattle(indigenous/non-descript),urban,4728,1618,6893,1774,1611,911,17535.0,11356,9894,18176,7078,3610,1627,51741,69276
ut_38,The Dadra And Nagar Haveli And Daman And Diu,cattle(indigenous/non-descript),urban,377,90,250,6,22,41,786.0,139,132,211,235,2,44,763,1549
state_16,Tripura,cattle(indigenous/non-descript),urban,798,26,360,67,5,50,1306.0,4275,3073,5137,2020,513,155,15173,16479
state_9,Uttar Pradesh,cattle(indigenous/non-descript),urban,20908,2830,7622,1051,3675,2860,38946.0,139084,101793,215894,53561,11066,8581,529979,568925
state_5,Uttarakhand,cattle(indigenous/non-descript),urban,2618,245,3226,326,92,232,6739.0,9175,7812,18585,4276,954,373,41175,47914
state_19,West Bengal,cattle(indigenous/non-descript),urban,20156,1828,6104,816,1267,1747,31918.0,75406,61915,101536,28073,7929,2787,277646,309564
