state.id,state.name,species,location_type,population.male.upto1.5years,population.male.used_for_breeding_only,population.male.used_for_agriculture_only,population.male.used_for_agriculture_and_breeding_only,population.male.used_for_bullock_cart_or_farm_operation,population.male.others,population.male.total,population.female.upto1year,population.female.1to2.5years,population.female.in_milk,population.female.dry,population.female.not_calved_once,population.female.others,population.female.total,population.total
ut_35,Andaman And Nicobar Islands,cattle(exotic/crossbred),rural,1325,245,54,96,17,31,1768,2744,2335,4986,2566,367,99,13097,14865
state_28,Andhra Pradesh,cattle(exotic/crossbred),rural,93793,11862,41409,9318,18294,5057,179733,489061,360871,829044,207790,75870,34320,1996956,2176689
state_12,Arunachal Pradesh,cattle(exotic/crossbred),rural,655,276,259,34,2,42,1268,724,813,1506,497,212,116,3868,5136
state_18,Assam,cattle(exotic/crossbred),rural,50889,16153,23464,9576,6235,7546,113863,168762,122325,201564,68945,17918,13644,593158,707021
state_10,Bihar,cattle(exotic/crossbred),rural,94550,15108,17462,9441,8017,11547,156125,1001649,684996,1372939,478611,86666,37544,3662405,3818530
ut_4,Chandigarh,cattle(exotic/crossbred),rural,114,1,0,2,3,2,122,526,265,1564,281,12,8,2656,2778
state_22,Chhattisgarh,cattle(exotic/crossbred),rural,24895,1898,21262,1117,1026,969,51167,34839,25504,58397,32673,12679,1222,165314,216481
ut_7,Delhi,cattle(exotic/crossbred),rural,8806,343,136,122,0,295,9702,11125,5712,23538,5411,1401,747,47934,57636
state_30,Goa,cattle(exotic/crossbred),rural,1103,157,87,60,9,153,1569,4438,3884,10831,3993,982,186,24314,25883
state_24,Gujarat,cattle(exotic/crossbred),rural,105269,4667,16161,2377,1619,2390,132483,646505,663951,1370042,428365,82904,9158,3200925,3333408
state_6,Haryana,cattle(exotic/crossbred),rural,55371,2910,5538,1864,4878,14386,84947,176536,138350,342411,99129,30010,10173,796609,881556
state_2,Himachal Pradesh,cattle(exotic/crossbred),rural,46632,1190,53364,2270,353,2348,106157,177583,129525,487470,121487,24031,4733,944829,1050986
ut_1,Jammu And Kashmir,cattle(exotic/crossbred),rural,142647,5303,27253,10377,1344,5257,192181,304329,159677,585064,73934,27483,11837,1162324,1354505
state_20,Jharkhand,cattle(exotic/crossbred),rural,30735,9463,16044,6838,3201,3416,69697,112790,80420,140727,40823,11547,6453,392760,462457
state_29,Karnataka,cattle(exotic/crossbred),rural,78283,5125,23928,4303,2451,2243,116333,783674,533211,1730768,447305,72541,15415,3582914,3699247
state_32,Kerala,cattle(exotic/crossbred),rural,92388,1603,1364,870,846,3276,100347,261182,191422,486702,90168,10610,6397,1046481,1146828
ut_31,Lakshadweep,cattle(exotic/crossbred),rural,99,34,37,18,2,45,235,238,234,310,126,40,13,961,1196
state_23,Madhya Pradesh,cattle(exotic/crossbred),rural,95603,9701,29192,4311,2277,2547,143631,363970,228871,533073,199434,38100,11348,1374796,1518427
state_27,Maharashtra,cattle(exotic/crossbred),rural,89841,11602,79114,10625,6704,2565,200451,808784,694239,2066171,614260,81599,28732,4293785,4494236
state_14,Manipur,cattle(exotic/crossbred),rural,471,199,50,80,70,54,924,2646,1768,3788,618,900,149,9869,10793
state_17,Meghalaya,cattle(exotic/crossbred),rural,2456,161,185,180,3,450,3435,3588,2878,19189,1853,879,674,29061,32496
state_15,Mizoram,cattle(exotic/crossbred),rural,1160,510,333,317,44,79,2443,1692,1209,3047,1121,911,165,8145,10588
state_13,Nagaland,cattle(exotic/crossbred),rural,1540,1193,849,685,149,335,4751,2444,2257,3427,1295,1250,274,10947,15698
state_21,Odisha,cattle(exotic/crossbred),rural,96343,8385,101520,5593,9441,2851,224133,335245,202326,465188,166463,34074,8999,1212295,1436428
ut_34,Puducherry,cattle(exotic/crossbred),rural,1771,117,105,18,231,43,2285,13308,11783,19858,5753,1536,693,52931,55216
state_3,Punjab,cattle(exotic/crossbred),rural,34990,1864,8887,3620,9649,3672,62682,365942,315695,968829,225967,21621,7253,1905307,1967989
state_8,Rajasthan,cattle(exotic/crossbred),rural,97257,6009,11198,4087,5268,12065,135884,480352,348033,803949,273313,52880,12573,1971100,2106984
state_11,Sikkim,cattle(exotic/crossbred),rural,10294,706,10100,2042,296,410,23848,22957,13633,38833,10466,4862,711,91462,115310
state_33,Tamil Nadu,cattle(exotic/crossbred),rural,224364,45779,51028,23113,22280,12110,378674,1679284,1218095,2695553,701565,148913,66268,6509678,6888352
state_36,Telangana,cattle(exotic/crossbred),rural,31090,5759,16448,5291,3695,2163,64446,131376,79497,217602,57404,22425,6599,514903,579349
ut_38,The Dadra And Nagar Haveli And Daman And Diu,cattle(exotic/crossbred),rural,286,31,10,13,81,30,451,147,130,415,128,7,0,827,1278
state_16,Tripura,cattle(exotic/crossbred),rural,7161,676,805,346,88,103,9179,27887,23363,30692,11619,3923,805,98289,107468
state_9,Uttar Pradesh,cattle(exotic/crossbred),rural,225643,22378,79483,11572,30456,10647,380179,1386914,1048792,2098769,649140,105293,60561,5349469,5729648
state_5,Uttarakhand,cattle(exotic/crossbred),rural,25769,1100,12169,1046,939,1004,42027,106879,69171,202102,49334,9918,2936,440340,482367
state_19,West Bengal,cattle(exotic/crossbred),rural,236457,26319,63282,11996,10622,13794,362470,790263,626180,984574,319084,114263,44252,2878616,3241086
ut_35,Andaman And Nicobar Islands,cattle(exotic/crossbred),urban,61,5,1,0,0,3,70,144,89,216,102,31,2,584,654
state_28,Andhra Pradesh,cattle(exotic/crossbred),urban,5134,610,1502,462,442,286,8436,18304,12599,34835,7096,2891,1379,77104,85540
state_12,Arunachal Pradesh,cattle(exotic/crossbred),urban,132,100,9,24,1,57,323,220,253,676,191,132,56,1528,1851
state_18,Assam,cattle(exotic/crossbred),urban,3464,1333,1114,566,314,396,7187,13256,10854,20607,6119,2517,1388,54741,61928
state_10,Bihar,cattle(exotic/crossbred),urban,4657,837,540,224,153,378,6789,72109,45208,121735,29087,4863,2146,275148,281937
ut_4,Chandigarh,cattle(exotic/crossbred),urban,390,17,3,1,6,463,880,812,537,2473,1304,120,98,5344,6224
state_22,Chhattisgarh,cattle(exotic/crossbred),urban,4807,483,475,190,47,197,6199,9618,6840,17896,7032,2340,619,44345,50544
ut_7,Delhi,cattle(exotic/crossbred),urban,102,13,1611,5,0,2,1733,324,581,624,71,3,15,1618,3351
state_30,Goa,cattle(exotic/crossbred),urban,50,7,4,1,0,6,68,292,239,775,208,51,13,1578,1646
state_24,Gujarat,cattle(exotic/crossbred),urban,3001,538,296,135,96,388,4454,12777,13487,30440,9993,2210,420,69327,73781
state_6,Haryana,cattle(exotic/crossbred),urban,6677,487,149,36,502,5272,13123,16812,12087,36304,13617,2353,3289,84462,97585
state_2,Himachal Pradesh,cattle(exotic/crossbred),urban,864,12,295,0,1,47,1219,3116,2178,8725,2011,549,151,16730,17949
ut_1,Jammu And Kashmir,cattle(exotic/crossbred),urban,10356,387,489,136,31,211,11610,19206,10945,40710,3387,2195,669,77112,88722
state_20,Jharkhand,cattle(exotic/crossbred),urban,7859,1067,873,261,140,470,10670,35288,24531,74625,12847,4128,1647,153066,163736
state_29,Karnataka,cattle(exotic/crossbred),urban,6046,840,1132,456,438,401,9313,42326,30331,94679,25469,5445,1352,199602,208915
state_32,Kerala,cattle(exotic/crossbred),urban,9028,121,100,78,95,309,9731,24997,17188,50940,7944,962,714,102745,112476
ut_31,Lakshadweep,cattle(exotic/crossbred),urban,0,0,0,0,0,0,0,0,0,0,0,0,0,0,0
state_23,Madhya Pradesh,cattle(exotic/crossbred),urban,11447,1430,1851,435,221,502,15886,43384,25404,65173,21416,3621,1664,160662,176548
state_27,Maharashtra,cattle(exotic/crossbred),urban,2899,712,1626,398,555,270,6460,19396,17162,49700,16097,3464,1215,107034,113494
state_14,Manipur,cattle(exotic/crossbred),urban,253,24,7,6,0,28,318,2124,1874,2389,287,125,16,6815,7133
state_17,Meghalaya,cattle(exotic/crossbred),urban,80,14,0,2,0,13,109,189,184,324,66,31,6,800,909
state_15,Mizoram,cattle(exotic/crossbred),urban,1037,272,109,92,27,116,1653,1711,1318,3538,1271,1165,211,9214,10867
state_13,Nagaland,cattle(exotic/crossbred),urban,179,101,6,21,4,14,325,372,451,846,241,426,42,2378,2703
state_21,Odisha,cattle(exotic/crossbred),urban,9040,557,2044,176,355,223,12395,35101,20137,51351,19926,3303,1739,131557,143952
ut_34,Puducherry,cattle(exotic/crossbred),urban,519,30,14,75,25,7,670,2396,1643,4194,1358,689,73,10353,11023
state_3,Punjab,cattle(exotic/crossbred),urban,4543,1094,307,338,360,3586,10228,20823,16517,63558,20719,2092,3661,127370,137598
state_8,Rajasthan,cattle(exotic/crossbred),urban,10969,1076,377,215,221,2281,15139,44662,27493,95291,24729,6174,2561,200910,216049
state_11,Sikkim,cattle(exotic/crossbred),urban,218,13,17,9,2,2,261,347,143,679,75,27,8,1279,1540
state_33,Tamil Nadu,cattle(exotic/crossbred),urban,27469,8191,6538,3774,3227,1642,50841,187450,144727,342061,80865,20531,9892,785526,836367
state_36,Telangana,cattle(exotic/crossbred),urban,2190,587,380,222,174,125,3678,6369,4538,13063,2394,1067,355,27786,31464
ut_38,The Dadra And Nagar Haveli And Daman And Diu,cattle(exotic/crossbred),urban,8,1,4,1,2,0,16,22,6,58,24,10,0,120,136
state_16,Tripura,cattle(exotic/crossbred),urban,723,46,42,11,0,18,840,5880,3849,7243,2621,647,289,20529,21369
state_9,Uttar Pradesh,cattle(exotic/crossbred),urban,13100,2211,2883,1803,1733,1253,22983,93031,59326,168168,35204,8780,5488,369997,392980
state_5,Uttarakhand,cattle(exotic/crossbred),urban,3288,187,522,136,32,165,4330,19361,15920,45068,7428,1578,768,90123,94453
state_19,West Bengal,cattle(exotic/crossbred),urban,8735,1072,1366,400,1125,534,13232,34836,24849,58522,14274,4877,1476,138834,152066
